[
{
  "model": "admin.logentry",
  "pk": 1,
  "fields": {
    "action_time": "2025-07-19T22:55:51.242Z",
    "user": 1,
    "content_type": 11,
    "object_id": "1",
    "object_repr": "Sub_Ingredient object (1)",
    "action_flag": 1,
    "change_message": "[{\"added\": {}}]"
  }
},
{
  "model": "admin.logentry",
  "pk": 2,
  "fields": {
    "action_time": "2025-07-19T22:55:57.797Z",
    "user": 1,
    "content_type": 11,
    "object_id": "1",
    "object_repr": "Sub_Ingredient object (1)",
    "action_flag": 2,
    "change_message": "[]"
  }
},
{
  "model": "admin.logentry",
  "pk": 3,
  "fields": {
    "action_time": "2025-07-19T22:58:09.742Z",
    "user": 1,
    "content_type": 7,
    "object_id": "1",
    "object_repr": "Recipe object (1)",
    "action_flag": 1,
    "change_message": "[{\"added\": {}}]"
  }
},
{
  "model": "admin.logentry",
  "pk": 4,
  "fields": {
    "action_time": "2025-07-19T23:01:09.246Z",
    "user": 1,
    "content_type": 7,
    "object_id": "1",
    "object_repr": "Recipe object (1)",
    "action_flag": 2,
    "change_message": "[{\"changed\": {\"fields\": [\"Image url\"]}}]"
  }
},
{
  "model": "admin.logentry",
  "pk": 5,
  "fields": {
    "action_time": "2025-07-20T00:00:42.561Z",
    "user": 1,
    "content_type": 10,
    "object_id": "1",
    "object_repr": "Sub_CookingMethod object (1)",
    "action_flag": 1,
    "change_message": "[{\"added\": {}}]"
  }
},
{
  "model": "admin.logentry",
  "pk": 6,
  "fields": {
    "action_time": "2025-07-20T20:59:19.079Z",
    "user": 1,
    "content_type": 7,
    "object_id": "1",
    "object_repr": "Recipe object (1)",
    "action_flag": 2,
    "change_message": "[{\"changed\": {\"fields\": [\"Duration\"]}}]"
  }
},
{
  "model": "admin.logentry",
  "pk": 7,
  "fields": {
    "action_time": "2025-07-20T21:13:15.261Z",
    "user": 1,
    "content_type": 7,
    "object_id": "2",
    "object_repr": "Recipe object (2)",
    "action_flag": 1,
    "change_message": "[{\"added\": {}}]"
  }
},
{
  "model": "admin.logentry",
  "pk": 8,
  "fields": {
    "action_time": "2025-07-20T21:14:32.728Z",
    "user": 1,
    "content_type": 7,
    "object_id": "2",
    "object_repr": "Recipe object (2)",
    "action_flag": 2,
    "change_message": "[{\"changed\": {\"fields\": [\"Duration\"]}}]"
  }
},
{
  "model": "admin.logentry",
  "pk": 9,
  "fields": {
    "action_time": "2025-07-20T21:36:23.082Z",
    "user": 1,
    "content_type": 7,
    "object_id": "2",
    "object_repr": "Recipe object (2)",
    "action_flag": 2,
    "change_message": "[{\"changed\": {\"fields\": [\"Foodtags\"]}}]"
  }
},
{
  "model": "admin.logentry",
  "pk": 10,
  "fields": {
    "action_time": "2025-07-20T22:27:15.290Z",
    "user": 1,
    "content_type": 12,
    "object_id": "1",
    "object_repr": "SubstituteCookingMethod object (1)",
    "action_flag": 1,
    "change_message": "[{\"added\": {}}]"
  }
},
{
  "model": "admin.logentry",
  "pk": 11,
  "fields": {
    "action_time": "2025-07-20T22:36:06.454Z",
    "user": 1,
    "content_type": 12,
    "object_id": "1",
    "object_repr": "SubstituteCookingMethod object (1)",
    "action_flag": 2,
    "change_message": "[{\"changed\": {\"fields\": [\"Substitute cooking method\"]}}]"
  }
},
{
  "model": "admin.logentry",
  "pk": 12,
  "fields": {
    "action_time": "2025-07-20T22:36:31.080Z",
    "user": 1,
    "content_type": 11,
    "object_id": "1",
    "object_repr": "SubstituteIngredient object (1)",
    "action_flag": 2,
    "change_message": "[{\"changed\": {\"fields\": [\"Nutritional value\", \"Emissions\"]}}]"
  }
},
{
  "model": "admin.logentry",
  "pk": 13,
  "fields": {
    "action_time": "2025-07-21T12:10:19.768Z",
    "user": 1,
    "content_type": 7,
    "object_id": "2",
    "object_repr": "Recipe object (2)",
    "action_flag": 2,
    "change_message": "[{\"changed\": {\"fields\": [\"Name\", \"Colour code emissions\", \"Colour code nutrition\"]}}]"
  }
},
{
  "model": "admin.logentry",
  "pk": 14,
  "fields": {
    "action_time": "2025-07-21T12:10:30.841Z",
    "user": 1,
    "content_type": 7,
    "object_id": "1",
    "object_repr": "Recipe object (1)",
    "action_flag": 2,
    "change_message": "[{\"changed\": {\"fields\": [\"Colour code emissions\", \"Colour code nutrition\"]}}]"
  }
},
{
  "model": "admin.logentry",
  "pk": 15,
  "fields": {
    "action_time": "2025-07-26T12:19:35.263Z",
    "user": 1,
    "content_type": 11,
    "object_id": "1",
    "object_repr": "SubstituteIngredient object (1)",
    "action_flag": 2,
    "change_message": "[{\"changed\": {\"fields\": [\"Ingredient\", \"Substitute ingredient\"]}}]"
  }
},
{
  "model": "admin.logentry",
  "pk": 16,
  "fields": {
    "action_time": "2025-07-26T12:19:55.531Z",
    "user": 1,
    "content_type": 11,
    "object_id": "1",
    "object_repr": "SubstituteIngredient object (1)",
    "action_flag": 2,
    "change_message": "[{\"changed\": {\"fields\": [\"Substitute ingredient type\"]}}]"
  }
},
{
  "model": "admin.logentry",
  "pk": 17,
  "fields": {
    "action_time": "2025-07-26T12:28:41.397Z",
    "user": 1,
    "content_type": 7,
    "object_id": "2",
    "object_repr": "Recipe object (2)",
    "action_flag": 2,
    "change_message": "[{\"changed\": {\"fields\": [\"Step 1\", \"Step 2\", \"Step 3\"]}}]"
  }
},
{
  "model": "admin.logentry",
  "pk": 18,
  "fields": {
    "action_time": "2025-07-26T12:40:55.344Z",
    "user": 1,
    "content_type": 7,
    "object_id": "2",
    "object_repr": "Recipe object (2)",
    "action_flag": 2,
    "change_message": "[{\"changed\": {\"fields\": [\"Step 1\", \"Step 2\", \"Step 3\", \"Step 4\", \"Step 5\"]}}]"
  }
},
{
  "model": "admin.logentry",
  "pk": 19,
  "fields": {
    "action_time": "2025-07-26T12:44:12.899Z",
    "user": 1,
    "content_type": 7,
    "object_id": "1",
    "object_repr": "Recipe object (1)",
    "action_flag": 2,
    "change_message": "[{\"changed\": {\"fields\": [\"Cooking time\"]}}]"
  }
},
{
  "model": "admin.logentry",
  "pk": 20,
  "fields": {
    "action_time": "2025-07-26T12:44:26.977Z",
    "user": 1,
    "content_type": 7,
    "object_id": "2",
    "object_repr": "Recipe object (2)",
    "action_flag": 2,
    "change_message": "[{\"changed\": {\"fields\": [\"Cooking prep\"]}}]"
  }
},
{
  "model": "admin.logentry",
  "pk": 21,
  "fields": {
    "action_time": "2025-07-26T12:51:18.650Z",
    "user": 1,
    "content_type": 7,
    "object_id": "2",
    "object_repr": "Recipe object (2)",
    "action_flag": 2,
    "change_message": "[{\"changed\": {\"fields\": [\"Step 1\", \"Step 2\", \"Step 3\", \"Step 4\", \"Step 5\"]}}]"
  }
},
{
  "model": "admin.logentry",
  "pk": 22,
  "fields": {
    "action_time": "2025-07-26T12:56:27.566Z",
    "user": 1,
    "content_type": 22,
    "object_id": "1",
    "object_repr": "Location object (1)",
    "action_flag": 1,
    "change_message": "[{\"added\": {}}]"
  }
},
{
  "model": "admin.logentry",
  "pk": 23,
  "fields": {
    "action_time": "2025-07-26T12:56:46.346Z",
    "user": 1,
    "content_type": 22,
    "object_id": "2",
    "object_repr": "Location object (2)",
    "action_flag": 1,
    "change_message": "[{\"added\": {}}]"
  }
},
{
  "model": "admin.logentry",
  "pk": 24,
  "fields": {
    "action_time": "2025-07-26T12:56:57.212Z",
    "user": 1,
    "content_type": 22,
    "object_id": "3",
    "object_repr": "Location object (3)",
    "action_flag": 1,
    "change_message": "[{\"added\": {}}]"
  }
},
{
  "model": "admin.logentry",
  "pk": 25,
  "fields": {
    "action_time": "2025-07-26T12:57:01.436Z",
    "user": 1,
    "content_type": 22,
    "object_id": "4",
    "object_repr": "Location object (4)",
    "action_flag": 1,
    "change_message": "[{\"added\": {}}]"
  }
},
{
  "model": "admin.logentry",
  "pk": 26,
  "fields": {
    "action_time": "2025-07-26T12:57:04.952Z",
    "user": 1,
    "content_type": 22,
    "object_id": "5",
    "object_repr": "Location object (5)",
    "action_flag": 1,
    "change_message": "[{\"added\": {}}]"
  }
},
{
  "model": "admin.logentry",
  "pk": 27,
  "fields": {
    "action_time": "2025-07-26T13:02:24.802Z",
    "user": 1,
    "content_type": 25,
    "object_id": "1",
    "object_repr": "Timeofday object (1)",
    "action_flag": 1,
    "change_message": "[{\"added\": {}}]"
  }
},
{
  "model": "admin.logentry",
  "pk": 28,
  "fields": {
    "action_time": "2025-07-26T13:02:36.066Z",
    "user": 1,
    "content_type": 25,
    "object_id": "2",
    "object_repr": "Timeofday object (2)",
    "action_flag": 1,
    "change_message": "[{\"added\": {}}]"
  }
},
{
  "model": "admin.logentry",
  "pk": 29,
  "fields": {
    "action_time": "2025-07-26T13:02:42.241Z",
    "user": 1,
    "content_type": 25,
    "object_id": "3",
    "object_repr": "Timeofday object (3)",
    "action_flag": 1,
    "change_message": "[{\"added\": {}}]"
  }
},
{
  "model": "admin.logentry",
  "pk": 30,
  "fields": {
    "action_time": "2025-07-26T13:02:51.655Z",
    "user": 1,
    "content_type": 25,
    "object_id": "4",
    "object_repr": "Timeofday object (4)",
    "action_flag": 1,
    "change_message": "[{\"added\": {}}]"
  }
},
{
  "model": "admin.logentry",
  "pk": 31,
  "fields": {
    "action_time": "2025-07-26T13:02:57.094Z",
    "user": 1,
    "content_type": 25,
    "object_id": "5",
    "object_repr": "Timeofday object (5)",
    "action_flag": 1,
    "change_message": "[{\"added\": {}}]"
  }
},
{
  "model": "admin.logentry",
  "pk": 32,
  "fields": {
    "action_time": "2025-07-26T13:03:04.945Z",
    "user": 1,
    "content_type": 25,
    "object_id": "6",
    "object_repr": "Timeofday object (6)",
    "action_flag": 1,
    "change_message": "[{\"added\": {}}]"
  }
},
{
  "model": "admin.logentry",
  "pk": 33,
  "fields": {
    "action_time": "2025-07-26T13:03:10.842Z",
    "user": 1,
    "content_type": 25,
    "object_id": "7",
    "object_repr": "Timeofday object (7)",
    "action_flag": 1,
    "change_message": "[{\"added\": {}}]"
  }
},
{
  "model": "admin.logentry",
  "pk": 34,
  "fields": {
    "action_time": "2025-07-26T13:03:18.937Z",
    "user": 1,
    "content_type": 25,
    "object_id": "8",
    "object_repr": "Timeofday object (8)",
    "action_flag": 1,
    "change_message": "[{\"added\": {}}]"
  }
},
{
  "model": "admin.logentry",
  "pk": 35,
  "fields": {
    "action_time": "2025-07-26T13:03:24.864Z",
    "user": 1,
    "content_type": 25,
    "object_id": "9",
    "object_repr": "Timeofday object (9)",
    "action_flag": 1,
    "change_message": "[{\"added\": {}}]"
  }
},
{
  "model": "admin.logentry",
  "pk": 36,
  "fields": {
    "action_time": "2025-07-26T13:03:30.984Z",
    "user": 1,
    "content_type": 25,
    "object_id": "10",
    "object_repr": "Timeofday object (10)",
    "action_flag": 1,
    "change_message": "[{\"added\": {}}]"
  }
},
{
  "model": "admin.logentry",
  "pk": 37,
  "fields": {
    "action_time": "2025-07-26T13:03:36.472Z",
    "user": 1,
    "content_type": 25,
    "object_id": "11",
    "object_repr": "Timeofday object (11)",
    "action_flag": 1,
    "change_message": "[{\"added\": {}}]"
  }
},
{
  "model": "admin.logentry",
  "pk": 38,
  "fields": {
    "action_time": "2025-07-26T13:03:45.490Z",
    "user": 1,
    "content_type": 25,
    "object_id": "12",
    "object_repr": "Timeofday object (12)",
    "action_flag": 1,
    "change_message": "[{\"added\": {}}]"
  }
},
{
  "model": "admin.logentry",
  "pk": 39,
  "fields": {
    "action_time": "2025-07-26T13:03:50.670Z",
    "user": 1,
    "content_type": 25,
    "object_id": "13",
    "object_repr": "Timeofday object (13)",
    "action_flag": 1,
    "change_message": "[{\"added\": {}}]"
  }
},
{
  "model": "admin.logentry",
  "pk": 40,
  "fields": {
    "action_time": "2025-07-26T13:03:54.298Z",
    "user": 1,
    "content_type": 25,
    "object_id": "14",
    "object_repr": "Timeofday object (14)",
    "action_flag": 1,
    "change_message": "[{\"added\": {}}]"
  }
},
{
  "model": "admin.logentry",
  "pk": 41,
  "fields": {
    "action_time": "2025-07-26T13:03:59.820Z",
    "user": 1,
    "content_type": 25,
    "object_id": "15",
    "object_repr": "Timeofday object (15)",
    "action_flag": 1,
    "change_message": "[{\"added\": {}}]"
  }
},
{
  "model": "admin.logentry",
  "pk": 42,
  "fields": {
    "action_time": "2025-07-26T13:04:04.335Z",
    "user": 1,
    "content_type": 25,
    "object_id": "16",
    "object_repr": "Timeofday object (16)",
    "action_flag": 1,
    "change_message": "[{\"added\": {}}]"
  }
},
{
  "model": "admin.logentry",
  "pk": 43,
  "fields": {
    "action_time": "2025-07-26T13:04:07.987Z",
    "user": 1,
    "content_type": 25,
    "object_id": "17",
    "object_repr": "Timeofday object (17)",
    "action_flag": 1,
    "change_message": "[{\"added\": {}}]"
  }
},
{
  "model": "admin.logentry",
  "pk": 44,
  "fields": {
    "action_time": "2025-07-26T13:04:11.909Z",
    "user": 1,
    "content_type": 25,
    "object_id": "18",
    "object_repr": "Timeofday object (18)",
    "action_flag": 1,
    "change_message": "[{\"added\": {}}]"
  }
},
{
  "model": "admin.logentry",
  "pk": 45,
  "fields": {
    "action_time": "2025-07-26T13:04:16.143Z",
    "user": 1,
    "content_type": 25,
    "object_id": "19",
    "object_repr": "Timeofday object (19)",
    "action_flag": 1,
    "change_message": "[{\"added\": {}}]"
  }
},
{
  "model": "admin.logentry",
  "pk": 46,
  "fields": {
    "action_time": "2025-07-26T13:04:19.989Z",
    "user": 1,
    "content_type": 25,
    "object_id": "20",
    "object_repr": "Timeofday object (20)",
    "action_flag": 1,
    "change_message": "[{\"added\": {}}]"
  }
},
{
  "model": "admin.logentry",
  "pk": 47,
  "fields": {
    "action_time": "2025-07-26T13:04:29.245Z",
    "user": 1,
    "content_type": 25,
    "object_id": "21",
    "object_repr": "Timeofday object (21)",
    "action_flag": 1,
    "change_message": "[{\"added\": {}}]"
  }
},
{
  "model": "admin.logentry",
  "pk": 48,
  "fields": {
    "action_time": "2025-07-26T13:04:33.720Z",
    "user": 1,
    "content_type": 25,
    "object_id": "22",
    "object_repr": "Timeofday object (22)",
    "action_flag": 1,
    "change_message": "[{\"added\": {}}]"
  }
},
{
  "model": "admin.logentry",
  "pk": 49,
  "fields": {
    "action_time": "2025-07-26T13:04:36.978Z",
    "user": 1,
    "content_type": 25,
    "object_id": "23",
    "object_repr": "Timeofday object (23)",
    "action_flag": 1,
    "change_message": "[{\"added\": {}}]"
  }
},
{
  "model": "admin.logentry",
  "pk": 50,
  "fields": {
    "action_time": "2025-07-26T13:04:40.749Z",
    "user": 1,
    "content_type": 25,
    "object_id": "24",
    "object_repr": "Timeofday object (24)",
    "action_flag": 1,
    "change_message": "[{\"added\": {}}]"
  }
},
{
  "model": "admin.logentry",
  "pk": 51,
  "fields": {
    "action_time": "2025-07-26T13:30:00.442Z",
    "user": 1,
    "content_type": 24,
    "object_id": "1",
    "object_repr": "RecipeStep object (1)",
    "action_flag": 1,
    "change_message": "[{\"added\": {}}]"
  }
},
{
  "model": "admin.logentry",
  "pk": 52,
  "fields": {
    "action_time": "2025-07-26T13:30:15.625Z",
    "user": 1,
    "content_type": 24,
    "object_id": "1",
    "object_repr": "RecipeStep object (1)",
    "action_flag": 2,
    "change_message": "[{\"changed\": {\"fields\": [\"Recipe name\"]}}]"
  }
},
{
  "model": "admin.logentry",
  "pk": 53,
  "fields": {
    "action_time": "2025-07-26T16:03:44.160Z",
    "user": 1,
    "content_type": 7,
    "object_id": "2",
    "object_repr": "Recipe object (2)",
    "action_flag": 2,
    "change_message": "[{\"changed\": {\"fields\": [\"Ingredients\"]}}]"
  }
},
{
  "model": "admin.logentry",
  "pk": 54,
  "fields": {
    "action_time": "2025-07-26T17:10:24.481Z",
    "user": 1,
    "content_type": 7,
    "object_id": "2",
    "object_repr": "Recipe object (2)",
    "action_flag": 2,
    "change_message": "[{\"changed\": {\"fields\": [\"Ingredients\"]}}]"
  }
},
{
  "model": "admin.logentry",
  "pk": 55,
  "fields": {
    "action_time": "2025-07-26T17:10:56.018Z",
    "user": 1,
    "content_type": 11,
    "object_id": "2",
    "object_repr": "SubstituteIngredient object (2)",
    "action_flag": 1,
    "change_message": "[{\"added\": {}}]"
  }
},
{
  "model": "admin.logentry",
  "pk": 56,
  "fields": {
    "action_time": "2025-07-26T17:11:06.388Z",
    "user": 1,
    "content_type": 11,
    "object_id": "3",
    "object_repr": "SubstituteIngredient object (3)",
    "action_flag": 1,
    "change_message": "[{\"added\": {}}]"
  }
},
{
  "model": "admin.logentry",
  "pk": 57,
  "fields": {
    "action_time": "2025-07-26T17:11:41.331Z",
    "user": 1,
    "content_type": 11,
    "object_id": "4",
    "object_repr": "SubstituteIngredient object (4)",
    "action_flag": 1,
    "change_message": "[{\"added\": {}}]"
  }
},
{
  "model": "admin.logentry",
  "pk": 58,
  "fields": {
    "action_time": "2025-07-26T20:01:33.324Z",
    "user": 1,
    "content_type": 4,
    "object_id": "1",
    "object_repr": "admin",
    "action_flag": 2,
    "change_message": "[{\"changed\": {\"fields\": [\"Email address\"]}}]"
  }
},
{
  "model": "admin.logentry",
  "pk": 59,
  "fields": {
    "action_time": "2025-07-26T20:23:58.846Z",
    "user": 1,
    "content_type": 18,
    "object_id": "1",
    "object_repr": "CookingMethod object (1)",
    "action_flag": 1,
    "change_message": "[{\"added\": {}}]"
  }
},
{
  "model": "admin.logentry",
  "pk": 60,
  "fields": {
    "action_time": "2025-07-26T20:24:07.533Z",
    "user": 1,
    "content_type": 18,
    "object_id": "2",
    "object_repr": "CookingMethod object (2)",
    "action_flag": 1,
    "change_message": "[{\"added\": {}}]"
  }
},
{
  "model": "admin.logentry",
  "pk": 61,
  "fields": {
    "action_time": "2025-07-26T20:24:13.784Z",
    "user": 1,
    "content_type": 18,
    "object_id": "3",
    "object_repr": "CookingMethod object (3)",
    "action_flag": 1,
    "change_message": "[{\"added\": {}}]"
  }
},
{
  "model": "admin.logentry",
  "pk": 62,
  "fields": {
    "action_time": "2025-07-26T20:24:23.046Z",
    "user": 1,
    "content_type": 18,
    "object_id": "4",
    "object_repr": "CookingMethod object (4)",
    "action_flag": 1,
    "change_message": "[{\"added\": {}}]"
  }
},
{
  "model": "admin.logentry",
  "pk": 63,
  "fields": {
    "action_time": "2025-07-27T00:15:02.274Z",
    "user": 1,
    "content_type": 18,
    "object_id": "1",
    "object_repr": "CookingMethod object (1)",
    "action_flag": 1,
    "change_message": "[{\"added\": {}}]"
  }
},
{
  "model": "admin.logentry",
  "pk": 64,
  "fields": {
    "action_time": "2025-07-27T00:15:27.759Z",
    "user": 1,
    "content_type": 18,
    "object_id": "2",
    "object_repr": "CookingMethod object (2)",
    "action_flag": 1,
    "change_message": "[{\"added\": {}}]"
  }
},
{
  "model": "admin.logentry",
  "pk": 65,
  "fields": {
    "action_time": "2025-07-27T00:15:40.124Z",
    "user": 1,
    "content_type": 18,
    "object_id": "3",
    "object_repr": "CookingMethod object (3)",
    "action_flag": 1,
    "change_message": "[{\"added\": {}}]"
  }
},
{
  "model": "admin.logentry",
  "pk": 66,
  "fields": {
    "action_time": "2025-07-27T00:15:50.881Z",
    "user": 1,
    "content_type": 18,
    "object_id": "4",
    "object_repr": "CookingMethod object (4)",
    "action_flag": 1,
    "change_message": "[{\"added\": {}}]"
  }
},
{
  "model": "admin.logentry",
  "pk": 67,
  "fields": {
    "action_time": "2025-07-27T00:20:33.368Z",
    "user": 1,
    "content_type": 17,
    "object_id": "1",
    "object_repr": "CookingAppliance object (1)",
    "action_flag": 1,
    "change_message": "[{\"added\": {}}]"
  }
},
{
  "model": "admin.logentry",
  "pk": 68,
  "fields": {
    "action_time": "2025-07-27T00:20:53.411Z",
    "user": 1,
    "content_type": 17,
    "object_id": "2",
    "object_repr": "CookingAppliance object (2)",
    "action_flag": 1,
    "change_message": "[{\"added\": {}}]"
  }
},
{
  "model": "admin.logentry",
  "pk": 69,
  "fields": {
    "action_time": "2025-07-27T13:02:25.594Z",
    "user": 1,
    "content_type": 24,
    "object_id": "1",
    "object_repr": "RecipeStep object (1)",
    "action_flag": 2,
    "change_message": "[{\"changed\": {\"fields\": [\"Step 2\", \"Step 3\"]}}]"
  }
},
{
  "model": "admin.logentry",
  "pk": 70,
  "fields": {
    "action_time": "2025-07-27T13:29:46.100Z",
    "user": 1,
    "content_type": 24,
    "object_id": "1",
    "object_repr": "RecipeStep object (1)",
    "action_flag": 1,
    "change_message": "[{\"added\": {}}]"
  }
},
{
  "model": "admin.logentry",
  "pk": 71,
  "fields": {
    "action_time": "2025-07-27T14:27:04.850Z",
    "user": 1,
    "content_type": 11,
    "object_id": "4",
    "object_repr": "Ingredient object (4)",
    "action_flag": 3,
    "change_message": ""
  }
},
{
  "model": "admin.logentry",
  "pk": 72,
  "fields": {
    "action_time": "2025-07-27T14:27:04.850Z",
    "user": 1,
    "content_type": 11,
    "object_id": "3",
    "object_repr": "Ingredient object (3)",
    "action_flag": 3,
    "change_message": ""
  }
},
{
  "model": "admin.logentry",
  "pk": 73,
  "fields": {
    "action_time": "2025-07-27T14:27:04.850Z",
    "user": 1,
    "content_type": 11,
    "object_id": "2",
    "object_repr": "Ingredient object (2)",
    "action_flag": 3,
    "change_message": ""
  }
},
{
  "model": "admin.logentry",
  "pk": 74,
  "fields": {
    "action_time": "2025-07-27T14:27:04.850Z",
    "user": 1,
    "content_type": 11,
    "object_id": "1",
    "object_repr": "Ingredient object (1)",
    "action_flag": 3,
    "change_message": ""
  }
},
{
  "model": "admin.logentry",
  "pk": 75,
  "fields": {
    "action_time": "2025-07-27T14:36:38.071Z",
    "user": 1,
    "content_type": 7,
    "object_id": "2",
    "object_repr": "English Breakfast",
    "action_flag": 2,
    "change_message": "[{\"changed\": {\"fields\": [\"Ingredients\"]}}]"
  }
},
{
  "model": "admin.logentry",
  "pk": 76,
  "fields": {
    "action_time": "2025-07-27T14:49:40.499Z",
    "user": 1,
    "content_type": 30,
    "object_id": "1",
    "object_repr": "soybean",
    "action_flag": 1,
    "change_message": "[{\"added\": {}}]"
  }
},
{
  "model": "admin.logentry",
  "pk": 77,
  "fields": {
    "action_time": "2025-07-27T14:49:50.551Z",
    "user": 1,
    "content_type": 30,
    "object_id": "1",
    "object_repr": "soybean",
    "action_flag": 2,
    "change_message": "[{\"changed\": {\"fields\": [\"Nutritional value\", \"Emissions\"]}}]"
  }
},
{
  "model": "admin.logentry",
  "pk": 78,
  "fields": {
    "action_time": "2025-07-27T14:49:56.459Z",
    "user": 1,
    "content_type": 30,
    "object_id": "2",
    "object_repr": "chicken",
    "action_flag": 1,
    "change_message": "[{\"added\": {}}]"
  }
},
{
  "model": "admin.logentry",
  "pk": 79,
  "fields": {
    "action_time": "2025-07-27T14:51:02.943Z",
    "user": 1,
    "content_type": 11,
    "object_id": "1",
    "object_repr": "beef",
    "action_flag": 1,
    "change_message": "[{\"added\": {}}]"
  }
},
{
  "model": "admin.logentry",
  "pk": 80,
  "fields": {
    "action_time": "2025-07-27T14:51:09.683Z",
    "user": 1,
    "content_type": 11,
    "object_id": "1",
    "object_repr": "beef",
    "action_flag": 2,
    "change_message": "[]"
  }
},
{
  "model": "admin.logentry",
  "pk": 81,
  "fields": {
    "action_time": "2025-07-27T14:51:26.219Z",
    "user": 1,
    "content_type": 11,
    "object_id": "2",
    "object_repr": "flat mushroom",
    "action_flag": 1,
    "change_message": "[{\"added\": {}}]"
  }
},
{
  "model": "admin.logentry",
  "pk": 82,
  "fields": {
    "action_time": "2025-07-27T14:51:47.457Z",
    "user": 1,
    "content_type": 11,
    "object_id": "3",
    "object_repr": "bread slice thick",
    "action_flag": 1,
    "change_message": "[{\"added\": {}}]"
  }
},
{
  "model": "admin.logentry",
  "pk": 83,
  "fields": {
    "action_time": "2025-07-27T14:51:56.267Z",
    "user": 1,
    "content_type": 11,
    "object_id": "4",
    "object_repr": "sausage",
    "action_flag": 1,
    "change_message": "[{\"added\": {}}]"
  }
},
{
  "model": "admin.logentry",
  "pk": 84,
  "fields": {
    "action_time": "2025-07-27T14:52:20.417Z",
    "user": 1,
    "content_type": 7,
    "object_id": "2",
    "object_repr": "English Breakfast",
    "action_flag": 2,
    "change_message": "[{\"changed\": {\"fields\": [\"Ingredients\"]}}]"
  }
},
{
  "model": "admin.logentry",
  "pk": 85,
  "fields": {
    "action_time": "2025-07-27T14:52:56.635Z",
    "user": 1,
    "content_type": 11,
    "object_id": "4",
    "object_repr": "sausage",
    "action_flag": 2,
    "change_message": "[{\"changed\": {\"fields\": [\"Substitutes\"]}}]"
  }
},
{
  "model": "admin.logentry",
  "pk": 86,
  "fields": {
    "action_time": "2025-07-27T14:53:08.178Z",
    "user": 1,
    "content_type": 7,
    "object_id": "2",
    "object_repr": "English Breakfast",
    "action_flag": 2,
    "change_message": "[]"
  }
},
{
  "model": "admin.logentry",
  "pk": 87,
  "fields": {
    "action_time": "2025-07-27T15:16:23.004Z",
    "user": 1,
    "content_type": 30,
    "object_id": "1",
    "object_repr": "soybean",
    "action_flag": 2,
    "change_message": "[]"
  }
},
{
  "model": "admin.logentry",
  "pk": 88,
  "fields": {
    "action_time": "2025-07-27T15:24:58.960Z",
    "user": 1,
    "content_type": 11,
    "object_id": "4",
    "object_repr": "sausage",
    "action_flag": 2,
    "change_message": "[{\"changed\": {\"fields\": [\"Nutritional value\", \"Emissions\"]}}]"
  }
},
{
  "model": "admin.logentry",
  "pk": 89,
  "fields": {
    "action_time": "2025-07-27T15:25:14.758Z",
    "user": 1,
    "content_type": 11,
    "object_id": "3",
    "object_repr": "bread slice thick",
    "action_flag": 2,
    "change_message": "[{\"changed\": {\"fields\": [\"Nutritional value\", \"Emissions\"]}}]"
  }
},
{
  "model": "admin.logentry",
  "pk": 90,
  "fields": {
    "action_time": "2025-07-27T15:25:27.316Z",
    "user": 1,
    "content_type": 11,
    "object_id": "2",
    "object_repr": "flat mushroom",
    "action_flag": 2,
    "change_message": "[{\"changed\": {\"fields\": [\"Nutritional value\", \"Emissions\"]}}]"
  }
},
{
  "model": "admin.logentry",
  "pk": 91,
  "fields": {
    "action_time": "2025-07-27T22:53:44.633Z",
    "user": 1,
    "content_type": 11,
    "object_id": "4",
    "object_repr": "sausage",
    "action_flag": 2,
    "change_message": "[{\"changed\": {\"fields\": [\"Nutritional value\", \"Emissions\"]}}]"
  }
},
{
  "model": "admin.logentry",
  "pk": 92,
  "fields": {
    "action_time": "2025-07-27T22:53:56.871Z",
    "user": 1,
    "content_type": 11,
    "object_id": "3",
    "object_repr": "bread slice thick",
    "action_flag": 2,
    "change_message": "[{\"changed\": {\"fields\": [\"Nutritional value\", \"Emissions\"]}}]"
  }
},
{
  "model": "admin.logentry",
  "pk": 93,
  "fields": {
    "action_time": "2025-07-27T22:54:07.145Z",
    "user": 1,
    "content_type": 11,
    "object_id": "3",
    "object_repr": "bread slice thick",
    "action_flag": 2,
    "change_message": "[]"
  }
},
{
  "model": "admin.logentry",
  "pk": 94,
  "fields": {
    "action_time": "2025-07-27T22:54:13.709Z",
    "user": 1,
    "content_type": 11,
    "object_id": "4",
    "object_repr": "sausage",
    "action_flag": 2,
    "change_message": "[{\"changed\": {\"fields\": [\"Emissions\"]}}]"
  }
},
{
  "model": "admin.logentry",
  "pk": 95,
  "fields": {
    "action_time": "2025-07-27T22:54:22.273Z",
    "user": 1,
    "content_type": 11,
    "object_id": "3",
    "object_repr": "bread slice thick",
    "action_flag": 2,
    "change_message": "[{\"changed\": {\"fields\": [\"Nutritional value\"]}}]"
  }
},
{
  "model": "admin.logentry",
  "pk": 96,
  "fields": {
    "action_time": "2025-07-27T22:54:40.352Z",
    "user": 1,
    "content_type": 11,
    "object_id": "2",
    "object_repr": "flat mushroom",
    "action_flag": 2,
    "change_message": "[{\"changed\": {\"fields\": [\"Nutritional value\", \"Emissions\"]}}]"
  }
},
{
  "model": "admin.logentry",
  "pk": 97,
  "fields": {
    "action_time": "2025-07-27T22:55:08.491Z",
    "user": 1,
    "content_type": 11,
    "object_id": "1",
    "object_repr": "beef",
    "action_flag": 2,
    "change_message": "[{\"changed\": {\"fields\": [\"Nutritional value\", \"Emissions\"]}}]"
  }
},
{
  "model": "admin.logentry",
  "pk": 98,
  "fields": {
    "action_time": "2025-07-28T09:02:47.293Z",
    "user": 1,
    "content_type": 7,
    "object_id": "2",
    "object_repr": "English Breakfast",
    "action_flag": 2,
    "change_message": "[]"
  }
},
{
  "model": "admin.logentry",
  "pk": 99,
  "fields": {
    "action_time": "2025-07-28T13:05:23.168Z",
    "user": 1,
    "content_type": 11,
    "object_id": "5",
    "object_repr": "fish",
    "action_flag": 1,
    "change_message": "[{\"added\": {}}]"
  }
},
{
  "model": "admin.logentry",
  "pk": 100,
  "fields": {
    "action_time": "2025-07-28T13:05:47.542Z",
    "user": 1,
    "content_type": 11,
    "object_id": "6",
    "object_repr": "chips",
    "action_flag": 1,
    "change_message": "[{\"added\": {}}]"
  }
},
{
  "model": "admin.logentry",
  "pk": 101,
  "fields": {
    "action_time": "2025-07-28T13:06:14.381Z",
    "user": 1,
    "content_type": 7,
    "object_id": "1",
    "object_repr": "Fish And Chips",
    "action_flag": 2,
    "change_message": "[{\"changed\": {\"fields\": [\"Ingredients\", \"Cooking time minutes\"]}}]"
  }
},
{
  "model": "admin.logentry",
  "pk": 102,
  "fields": {
    "action_time": "2025-07-28T13:06:57.071Z",
    "user": 1,
    "content_type": 24,
    "object_id": "2",
    "object_repr": "RecipeStep object (2)",
    "action_flag": 1,
    "change_message": "[{\"added\": {}}]"
  }
},
{
  "model": "admin.logentry",
  "pk": 103,
  "fields": {
    "action_time": "2025-08-20T21:32:24.565Z",
    "user": 2,
    "content_type": 25,
    "object_id": "24",
    "object_repr": "Timeofday object (24)",
    "action_flag": 2,
    "change_message": "[{\"changed\": {\"fields\": [\"Emission multiplier\"]}}]"
  }
},
{
  "model": "admin.logentry",
  "pk": 104,
  "fields": {
    "action_time": "2025-08-20T21:32:36.440Z",
    "user": 2,
    "content_type": 25,
    "object_id": "22",
    "object_repr": "Timeofday object (22)",
    "action_flag": 2,
    "change_message": "[{\"changed\": {\"fields\": [\"Emission multiplier\"]}}]"
  }
},
{
  "model": "admin.logentry",
  "pk": 105,
  "fields": {
    "action_time": "2025-08-20T21:41:27.064Z",
    "user": 1,
    "content_type": 25,
    "object_id": "24",
    "object_repr": "Timeofday object (24)",
    "action_flag": 2,
    "change_message": "[]"
  }
},
{
  "model": "admin.logentry",
  "pk": 106,
  "fields": {
    "action_time": "2025-08-20T21:41:39.338Z",
    "user": 1,
    "content_type": 25,
    "object_id": "22",
    "object_repr": "Timeofday object (22)",
    "action_flag": 2,
    "change_message": "[]"
  }
},
{
  "model": "admin.logentry",
  "pk": 107,
  "fields": {
    "action_time": "2025-08-20T22:49:46.155Z",
    "user": 2,
    "content_type": 25,
    "object_id": "24",
    "object_repr": "Timeofday object (24)",
    "action_flag": 2,
    "change_message": "[{\"changed\": {\"fields\": [\"Emission multiplier\"]}}]"
  }
},
{
  "model": "admin.logentry",
  "pk": 108,
  "fields": {
    "action_time": "2025-08-20T22:49:51.655Z",
    "user": 2,
    "content_type": 25,
    "object_id": "24",
    "object_repr": "Timeofday object (24)",
    "action_flag": 2,
    "change_message": "[{\"changed\": {\"fields\": [\"Emission multiplier\"]}}]"
  }
},
{
  "model": "admin.logentry",
  "pk": 109,
  "fields": {
    "action_time": "2025-08-20T22:49:59.665Z",
    "user": 2,
    "content_type": 25,
    "object_id": "22",
    "object_repr": "Timeofday object (22)",
    "action_flag": 2,
    "change_message": "[{\"changed\": {\"fields\": [\"Emission multiplier\"]}}]"
  }
},
{
  "model": "admin.logentry",
  "pk": 110,
  "fields": {
    "action_time": "2025-08-20T22:50:21.040Z",
    "user": 2,
    "content_type": 25,
    "object_id": "24",
    "object_repr": "Timeofday object (24)",
    "action_flag": 2,
    "change_message": "[{\"changed\": {\"fields\": [\"Emission multiplier\"]}}]"
  }
},
{
  "model": "admin.logentry",
  "pk": 111,
  "fields": {
    "action_time": "2025-08-20T22:50:37.771Z",
    "user": 2,
    "content_type": 25,
    "object_id": "23",
    "object_repr": "Timeofday object (23)",
    "action_flag": 2,
    "change_message": "[{\"changed\": {\"fields\": [\"Emission multiplier\"]}}]"
  }
},
{
  "model": "admin.logentry",
  "pk": 112,
  "fields": {
    "action_time": "2025-08-20T23:08:48.281Z",
    "user": 2,
    "content_type": 22,
    "object_id": "5",
    "object_repr": "Location object (5)",
    "action_flag": 2,
    "change_message": "[{\"changed\": {\"fields\": [\"Location emission factor\"]}}]"
  }
},
{
  "model": "admin.logentry",
  "pk": 113,
  "fields": {
    "action_time": "2025-08-20T23:08:54.130Z",
    "user": 2,
    "content_type": 22,
    "object_id": "4",
    "object_repr": "Location object (4)",
    "action_flag": 2,
    "change_message": "[{\"changed\": {\"fields\": [\"Location emission factor\"]}}]"
  }
},
{
  "model": "admin.logentry",
  "pk": 114,
  "fields": {
    "action_time": "2025-08-22T19:26:21.558Z",
    "user": 2,
    "content_type": 7,
    "object_id": "1",
    "object_repr": "Fish And Chips",
    "action_flag": 2,
    "change_message": "[{\"changed\": {\"fields\": [\"Cooking method\"]}}]"
  }
},
{
  "model": "admin.logentry",
  "pk": 115,
  "fields": {
    "action_time": "2025-08-22T19:26:43.314Z",
    "user": 2,
    "content_type": 7,
    "object_id": "1",
    "object_repr": "Fish And Chips",
    "action_flag": 2,
    "change_message": "[{\"changed\": {\"fields\": [\"Foodtags\"]}}]"
  }
},
{
  "model": "admin.logentry",
  "pk": 116,
  "fields": {
    "action_time": "2025-08-22T19:29:05.835Z",
    "user": 2,
    "content_type": 7,
    "object_id": "2",
    "object_repr": "English Breakfast",
    "action_flag": 2,
    "change_message": "[{\"changed\": {\"fields\": [\"Cooking time minutes\"]}}]"
  }
},
{
  "model": "admin.logentry",
  "pk": 117,
  "fields": {
    "action_time": "2025-08-22T20:45:26.446Z",
    "user": 2,
    "content_type": 11,
    "object_id": "7",
    "object_repr": "vegetable oil",
    "action_flag": 1,
    "change_message": "[{\"added\": {}}]"
  }
},
{
  "model": "admin.logentry",
  "pk": 118,
  "fields": {
    "action_time": "2025-08-22T20:45:41.461Z",
    "user": 2,
    "content_type": 11,
    "object_id": "8",
    "object_repr": "flour",
    "action_flag": 1,
    "change_message": "[{\"added\": {}}]"
  }
},
{
  "model": "admin.logentry",
  "pk": 119,
  "fields": {
    "action_time": "2025-08-22T20:46:39.481Z",
    "user": 2,
    "content_type": 11,
    "object_id": "9",
    "object_repr": "baking powder",
    "action_flag": 1,
    "change_message": "[{\"added\": {}}]"
  }
},
{
  "model": "admin.logentry",
  "pk": 120,
  "fields": {
    "action_time": "2025-08-22T20:47:29.976Z",
    "user": 2,
    "content_type": 11,
    "object_id": "10",
    "object_repr": "potato",
    "action_flag": 1,
    "change_message": "[{\"added\": {}}]"
  }
},
{
  "model": "admin.logentry",
  "pk": 121,
  "fields": {
    "action_time": "2025-08-22T20:47:41.781Z",
    "user": 2,
    "content_type": 11,
    "object_id": "11",
    "object_repr": "milk",
    "action_flag": 1,
    "change_message": "[{\"added\": {}}]"
  }
},
{
  "model": "admin.logentry",
  "pk": 122,
  "fields": {
    "action_time": "2025-08-22T20:48:17.305Z",
    "user": 2,
    "content_type": 7,
    "object_id": "1",
    "object_repr": "Fish And Chips",
    "action_flag": 2,
    "change_message": "[{\"changed\": {\"fields\": [\"Ingredients\"]}}]"
  }
},
{
  "model": "admin.logentry",
  "pk": 123,
  "fields": {
    "action_time": "2025-08-22T22:10:10.394Z",
    "user": 2,
    "content_type": 7,
    "object_id": "2",
    "object_repr": "English Breakfast",
    "action_flag": 2,
    "change_message": "[]"
  }
},
{
  "model": "admin.logentry",
  "pk": 124,
  "fields": {
    "action_time": "2025-08-22T22:11:08.206Z",
    "user": 2,
    "content_type": 7,
    "object_id": "1",
    "object_repr": "Fish And Chips",
    "action_flag": 2,
    "change_message": "[]"
  }
},
{
  "model": "admin.logentry",
  "pk": 125,
  "fields": {
    "action_time": "2025-08-22T23:12:56.192Z",
    "user": 2,
    "content_type": 11,
    "object_id": "3",
    "object_repr": "white bread slice",
    "action_flag": 2,
    "change_message": "[{\"changed\": {\"fields\": [\"Ingredient\"]}}]"
  }
},
{
  "model": "admin.logentry",
  "pk": 126,
  "fields": {
    "action_time": "2025-08-22T23:13:19.582Z",
    "user": 2,
    "content_type": 30,
    "object_id": "3",
    "object_repr": "brown bread",
    "action_flag": 1,
    "change_message": "[{\"added\": {}}]"
  }
},
{
  "model": "admin.logentry",
  "pk": 127,
  "fields": {
    "action_time": "2025-08-22T23:13:32.896Z",
    "user": 2,
    "content_type": 11,
    "object_id": "3",
    "object_repr": "white bread slice",
    "action_flag": 2,
    "change_message": "[{\"changed\": {\"fields\": [\"Substitutes\"]}}]"
  }
},
{
  "model": "admin.logentry",
  "pk": 128,
  "fields": {
    "action_time": "2025-08-22T23:24:29.158Z",
    "user": 2,
    "content_type": 30,
    "object_id": "4",
    "object_repr": "sunflower oil",
    "action_flag": 1,
    "change_message": "[{\"added\": {}}]"
  }
},
{
  "model": "admin.logentry",
  "pk": 129,
  "fields": {
    "action_time": "2025-08-22T23:24:41.397Z",
    "user": 2,
    "content_type": 11,
    "object_id": "7",
    "object_repr": "vegetable oil",
    "action_flag": 2,
    "change_message": "[{\"changed\": {\"fields\": [\"Substitutes\"]}}]"
  }
},
{
  "model": "admin.logentry",
  "pk": 130,
  "fields": {
    "action_time": "2025-08-22T23:26:12.123Z",
    "user": 2,
    "content_type": 30,
    "object_id": "2",
    "object_repr": "chicken",
    "action_flag": 2,
    "change_message": "[{\"changed\": {\"fields\": [\"Nutritional value key\", \"Nutritional value\", \"Emissions key\", \"Emissions\"]}}]"
  }
},
{
  "model": "admin.logentry",
  "pk": 131,
  "fields": {
    "action_time": "2025-08-24T17:13:55.614Z",
    "user": 2,
    "content_type": 30,
    "object_id": "4",
    "object_repr": "sunflower oil",
    "action_flag": 2,
    "change_message": "[{\"changed\": {\"fields\": [\"Emissions\"]}}]"
  }
},
{
  "model": "admin.logentry",
  "pk": 132,
  "fields": {
    "action_time": "2025-08-24T17:14:18.939Z",
    "user": 2,
    "content_type": 11,
    "object_id": "7",
    "object_repr": "vegetable oil",
    "action_flag": 2,
    "change_message": "[{\"changed\": {\"fields\": [\"Emissions\"]}}]"
  }
},
{
  "model": "admin.logentry",
  "pk": 133,
  "fields": {
    "action_time": "2025-08-24T17:16:39.479Z",
    "user": 2,
    "content_type": 11,
    "object_id": "7",
    "object_repr": "vegetable oil",
    "action_flag": 2,
    "change_message": "[{\"changed\": {\"fields\": [\"Emissions\"]}}]"
  }
},
{
  "model": "admin.logentry",
  "pk": 134,
  "fields": {
    "action_time": "2025-08-24T17:16:48.622Z",
    "user": 2,
    "content_type": 30,
    "object_id": "4",
    "object_repr": "sunflower oil",
    "action_flag": 2,
    "change_message": "[{\"changed\": {\"fields\": [\"Emissions\"]}}]"
  }
},
{
  "model": "admin.logentry",
  "pk": 135,
  "fields": {
    "action_time": "2025-08-25T00:16:20.827Z",
    "user": 2,
    "content_type": 30,
    "object_id": "2",
    "object_repr": "chicken",
    "action_flag": 2,
    "change_message": "[{\"changed\": {\"fields\": [\"Emissions\"]}}]"
  }
},
{
  "model": "admin.logentry",
  "pk": 136,
  "fields": {
    "action_time": "2025-08-25T00:22:44.025Z",
    "user": 2,
    "content_type": 30,
    "object_id": "3",
    "object_repr": "brown bread",
    "action_flag": 2,
    "change_message": "[{\"changed\": {\"fields\": [\"Emissions\"]}}]"
  }
},
{
  "model": "admin.logentry",
  "pk": 137,
  "fields": {
    "action_time": "2025-08-25T00:47:28.301Z",
    "user": 2,
    "content_type": 11,
    "object_id": "4",
    "object_repr": "sausage",
    "action_flag": 2,
    "change_message": "[{\"changed\": {\"fields\": [\"Emissions\"]}}]"
  }
},
{
  "model": "admin.logentry",
  "pk": 138,
  "fields": {
    "action_time": "2025-08-25T00:47:48.475Z",
    "user": 2,
    "content_type": 30,
    "object_id": "1",
    "object_repr": "soybean",
    "action_flag": 2,
    "change_message": "[{\"changed\": {\"fields\": [\"Nutritional value\", \"Emissions\"]}}]"
  }
},
{
  "model": "admin.logentry",
  "pk": 139,
  "fields": {
    "action_time": "2025-08-26T22:22:18.594Z",
    "user": 2,
    "content_type": 41,
    "object_id": "1",
    "object_repr": "Step 1 for Fish And Chips",
    "action_flag": 1,
    "change_message": "[{\"added\": {}}]"
  }
},
{
  "model": "admin.logentry",
  "pk": 140,
  "fields": {
    "action_time": "2025-08-26T22:22:42.306Z",
    "user": 2,
    "content_type": 41,
    "object_id": "2",
    "object_repr": "Step 2 for Fish And Chips",
    "action_flag": 1,
    "change_message": "[{\"added\": {}}]"
  }
},
{
  "model": "admin.logentry",
  "pk": 141,
  "fields": {
    "action_time": "2025-08-26T22:23:02.973Z",
    "user": 2,
    "content_type": 41,
    "object_id": "3",
    "object_repr": "Step 1 for English Breakfast",
    "action_flag": 1,
    "change_message": "[{\"added\": {}}]"
  }
},
{
  "model": "admin.logentry",
  "pk": 142,
  "fields": {
    "action_time": "2025-08-26T22:37:40.611Z",
    "user": 2,
    "content_type": 24,
    "object_id": "2",
    "object_repr": "Step 1 for Fish And Chips",
    "action_flag": 2,
    "change_message": "[{\"changed\": {\"fields\": [\"Order\", \"Content\"]}}]"
  }
},
{
  "model": "admin.logentry",
  "pk": 143,
  "fields": {
    "action_time": "2025-08-26T22:37:51.786Z",
    "user": 2,
    "content_type": 24,
    "object_id": "1",
    "object_repr": "Step 1 for Fish And Chips",
    "action_flag": 2,
    "change_message": "[{\"changed\": {\"fields\": [\"Recipe\", \"Order\", \"Content\"]}}]"
  }
},
{
  "model": "admin.logentry",
  "pk": 144,
  "fields": {
    "action_time": "2025-08-26T22:38:15.027Z",
    "user": 2,
    "content_type": 24,
    "object_id": "3",
    "object_repr": "Step 1 for English Breakfast",
    "action_flag": 1,
    "change_message": "[{\"added\": {}}]"
  }
},
{
  "model": "admin.logentry",
  "pk": 145,
  "fields": {
    "action_time": "2025-08-26T22:42:46.316Z",
    "user": 2,
    "content_type": 24,
    "object_id": "3",
    "object_repr": "Step 1 for English Breakfast",
    "action_flag": 2,
    "change_message": "[]"
  }
},
{
  "model": "admin.logentry",
  "pk": 146,
  "fields": {
    "action_time": "2025-08-26T22:51:18.445Z",
    "user": 2,
    "content_type": 42,
    "object_id": "1",
    "object_repr": "Nutrient object (1)",
    "action_flag": 1,
    "change_message": "[{\"added\": {}}]"
  }
},
{
  "model": "admin.logentry",
  "pk": 147,
  "fields": {
    "action_time": "2025-08-26T22:51:33.329Z",
    "user": 2,
    "content_type": 42,
    "object_id": "2",
    "object_repr": "Nutrient object (2)",
    "action_flag": 1,
    "change_message": "[{\"added\": {}}]"
  }
},
{
  "model": "admin.logentry",
  "pk": 148,
  "fields": {
    "action_time": "2025-08-26T22:51:42.806Z",
    "user": 2,
    "content_type": 42,
    "object_id": "3",
    "object_repr": "Nutrient object (3)",
    "action_flag": 1,
    "change_message": "[{\"added\": {}}]"
  }
},
{
  "model": "admin.logentry",
  "pk": 149,
  "fields": {
    "action_time": "2025-08-26T22:52:22.846Z",
    "user": 2,
    "content_type": 24,
    "object_id": "1",
    "object_repr": "Step 1 for Fish And Chips",
    "action_flag": 2,
    "change_message": "[{\"changed\": {\"fields\": [\"Ventilation\"]}}]"
  }
},
{
  "model": "admin.logentry",
  "pk": 150,
  "fields": {
    "action_time": "2025-08-26T22:58:08.293Z",
    "user": 2,
    "content_type": 24,
    "object_id": "1",
    "object_repr": "Step 1 for Fish And Chips",
    "action_flag": 2,
    "change_message": "[{\"changed\": {\"fields\": [\"Cooking method\"]}}]"
  }
},
{
  "model": "admin.logentry",
  "pk": 151,
  "fields": {
    "action_time": "2025-08-26T23:11:14.251Z",
    "user": 2,
    "content_type": 24,
    "object_id": "1",
    "object_repr": "Step 2 for Fish And Chips",
    "action_flag": 2,
    "change_message": "[{\"changed\": {\"fields\": [\"Order\"]}}]"
  }
},
{
  "model": "admin.logentry",
  "pk": 152,
  "fields": {
    "action_time": "2025-09-01T12:08:00.395Z",
    "user": 1,
    "content_type": 24,
    "object_id": "2",
    "object_repr": "Step 1 for Fish And Chips",
    "action_flag": 2,
    "change_message": "[{\"changed\": {\"fields\": [\"Content\"]}}]"
  }
},
{
  "model": "admin.logentry",
  "pk": 153,
  "fields": {
    "action_time": "2025-09-01T12:08:19.729Z",
    "user": 1,
    "content_type": 17,
    "object_id": "3",
    "object_repr": "gas oven",
    "action_flag": 1,
    "change_message": "[{\"added\": {}}]"
  }
},
{
  "model": "admin.logentry",
  "pk": 154,
  "fields": {
    "action_time": "2025-09-01T12:08:29.188Z",
    "user": 1,
    "content_type": 17,
    "object_id": "4",
    "object_repr": "electric oven",
    "action_flag": 1,
    "change_message": "[{\"added\": {}}]"
  }
},
{
  "model": "admin.logentry",
  "pk": 155,
  "fields": {
    "action_time": "2025-09-01T12:08:47.418Z",
    "user": 1,
    "content_type": 24,
    "object_id": "2",
    "object_repr": "Step 1 for Fish And Chips",
    "action_flag": 2,
    "change_message": "[{\"changed\": {\"fields\": [\"Cooking appliance\"]}}]"
  }
},
{
  "model": "admin.logentry",
  "pk": 156,
  "fields": {
    "action_time": "2025-09-01T12:11:22.813Z",
    "user": 1,
    "content_type": 24,
    "object_id": "1",
    "object_repr": "Step 2 for Fish And Chips",
    "action_flag": 2,
    "change_message": "[{\"changed\": {\"fields\": [\"Content\"]}}]"
  }
},
{
  "model": "admin.logentry",
  "pk": 157,
  "fields": {
    "action_time": "2025-09-01T12:11:39.174Z",
    "user": 1,
    "content_type": 17,
    "object_id": "5",
    "object_repr": "electric fryer",
    "action_flag": 1,
    "change_message": "[{\"added\": {}}]"
  }
},
{
  "model": "admin.logentry",
  "pk": 158,
  "fields": {
    "action_time": "2025-09-01T12:12:08.574Z",
    "user": 1,
    "content_type": 24,
    "object_id": "1",
    "object_repr": "Step 2 for Fish And Chips",
    "action_flag": 2,
    "change_message": "[{\"changed\": {\"fields\": [\"Cooking appliance\"]}}]"
  }
},
{
  "model": "admin.logentry",
  "pk": 159,
  "fields": {
    "action_time": "2025-09-01T12:13:03.082Z",
    "user": 1,
    "content_type": 24,
    "object_id": "4",
    "object_repr": "Step 3 for Fish And Chips",
    "action_flag": 1,
    "change_message": "[{\"added\": {}}]"
  }
},
{
  "model": "admin.logentry",
  "pk": 160,
  "fields": {
    "action_time": "2025-09-01T12:13:17.230Z",
    "user": 1,
    "content_type": 24,
    "object_id": "1",
    "object_repr": "Step 2 for Fish And Chips",
    "action_flag": 2,
    "change_message": "[{\"changed\": {\"fields\": [\"Ventilation\"]}}]"
  }
},
{
  "model": "admin.logentry",
  "pk": 161,
  "fields": {
    "action_time": "2025-09-01T12:13:53.944Z",
    "user": 1,
    "content_type": 24,
    "object_id": "5",
    "object_repr": "Step 4 for Fish And Chips",
    "action_flag": 1,
    "change_message": "[{\"added\": {}}]"
  }
},
{
  "model": "admin.logentry",
  "pk": 162,
  "fields": {
    "action_time": "2025-09-01T12:15:43.591Z",
    "user": 1,
    "content_type": 24,
    "object_id": "6",
    "object_repr": "Step 5 for Fish And Chips",
    "action_flag": 1,
    "change_message": "[{\"added\": {}}]"
  }
},
{
  "model": "admin.logentry",
  "pk": 163,
  "fields": {
    "action_time": "2025-09-01T12:16:43.125Z",
    "user": 1,
    "content_type": 24,
    "object_id": "7",
    "object_repr": "Step 6 for Fish And Chips",
    "action_flag": 1,
    "change_message": "[{\"added\": {}}]"
  }
},
{
  "model": "admin.logentry",
  "pk": 164,
  "fields": {
    "action_time": "2025-09-01T12:20:20.718Z",
    "user": 1,
    "content_type": 11,
    "object_id": "12",
    "object_repr": "beef dripping",
    "action_flag": 1,
    "change_message": "[{\"added\": {}}]"
  }
},
{
  "model": "admin.logentry",
  "pk": 165,
  "fields": {
    "action_time": "2025-09-01T12:20:46.325Z",
    "user": 1,
    "content_type": 30,
    "object_id": "5",
    "object_repr": "vegetable oil",
    "action_flag": 1,
    "change_message": "[{\"added\": {}}]"
  }
},
{
  "model": "admin.logentry",
  "pk": 166,
  "fields": {
    "action_time": "2025-09-01T12:21:32.067Z",
    "user": 1,
    "content_type": 11,
    "object_id": "13",
    "object_repr": "cod",
    "action_flag": 1,
    "change_message": "[{\"added\": {}}]"
  }
},
{
  "model": "admin.logentry",
  "pk": 167,
  "fields": {
    "action_time": "2025-09-01T12:22:51.584Z",
    "user": 1,
    "content_type": 30,
    "object_id": "6",
    "object_repr": "haddock",
    "action_flag": 1,
    "change_message": "[{\"added\": {}}]"
  }
},
{
  "model": "admin.logentry",
  "pk": 168,
  "fields": {
    "action_time": "2025-09-01T12:23:01.299Z",
    "user": 1,
    "content_type": 11,
    "object_id": "13",
    "object_repr": "cod",
    "action_flag": 2,
    "change_message": "[{\"changed\": {\"fields\": [\"Substitutes\"]}}]"
  }
},
{
  "model": "admin.logentry",
  "pk": 169,
  "fields": {
    "action_time": "2025-09-01T12:23:10.334Z",
    "user": 1,
    "content_type": 11,
    "object_id": "12",
    "object_repr": "beef dripping",
    "action_flag": 2,
    "change_message": "[{\"changed\": {\"fields\": [\"Substitutes\"]}}]"
  }
},
{
  "model": "admin.logentry",
  "pk": 170,
  "fields": {
    "action_time": "2025-09-01T12:23:40.176Z",
    "user": 1,
    "content_type": 11,
    "object_id": "14",
    "object_repr": "self raising flour",
    "action_flag": 1,
    "change_message": "[{\"added\": {}}]"
  }
},
{
  "model": "admin.logentry",
  "pk": 171,
  "fields": {
    "action_time": "2025-09-01T12:24:05.143Z",
    "user": 1,
    "content_type": 11,
    "object_id": "15",
    "object_repr": "salt",
    "action_flag": 1,
    "change_message": "[{\"added\": {}}]"
  }
},
{
  "model": "admin.logentry",
  "pk": 172,
  "fields": {
    "action_time": "2025-09-01T12:24:16.313Z",
    "user": 1,
    "content_type": 11,
    "object_id": "16",
    "object_repr": "black pepper",
    "action_flag": 1,
    "change_message": "[{\"added\": {}}]"
  }
},
{
  "model": "admin.logentry",
  "pk": 173,
  "fields": {
    "action_time": "2025-09-01T12:24:35.186Z",
    "user": 1,
    "content_type": 11,
    "object_id": "17",
    "object_repr": "lager",
    "action_flag": 1,
    "change_message": "[{\"added\": {}}]"
  }
},
{
  "model": "admin.logentry",
  "pk": 174,
  "fields": {
    "action_time": "2025-09-01T12:25:32.244Z",
    "user": 1,
    "content_type": 7,
    "object_id": "1",
    "object_repr": "Fish And Chips",
    "action_flag": 2,
    "change_message": "[{\"changed\": {\"fields\": [\"Ingredients\"]}}]"
  }
},
{
  "model": "admin.logentry",
  "pk": 175,
  "fields": {
    "action_time": "2025-09-01T12:37:57.380Z",
    "user": 1,
    "content_type": 11,
    "object_id": "13",
    "object_repr": "cod",
    "action_flag": 2,
    "change_message": "[{\"changed\": {\"fields\": [\"Emissions\"]}}]"
  }
},
{
  "model": "admin.logentry",
  "pk": 176,
  "fields": {
    "action_time": "2025-09-01T12:40:40.062Z",
    "user": 1,
    "content_type": 11,
    "object_id": "17",
    "object_repr": "lager",
    "action_flag": 2,
    "change_message": "[{\"changed\": {\"fields\": [\"Emissions\"]}}]"
  }
},
{
  "model": "admin.logentry",
  "pk": 177,
  "fields": {
    "action_time": "2025-09-01T12:40:48.069Z",
    "user": 1,
    "content_type": 11,
    "object_id": "14",
    "object_repr": "self raising flour",
    "action_flag": 2,
    "change_message": "[]"
  }
},
{
  "model": "admin.logentry",
  "pk": 178,
  "fields": {
    "action_time": "2025-09-01T12:40:56.199Z",
    "user": 1,
    "content_type": 11,
    "object_id": "13",
    "object_repr": "cod",
    "action_flag": 2,
    "change_message": "[{\"changed\": {\"fields\": [\"Emissions\"]}}]"
  }
},
{
  "model": "admin.logentry",
  "pk": 179,
  "fields": {
    "action_time": "2025-09-01T12:41:04.624Z",
    "user": 1,
    "content_type": 11,
    "object_id": "13",
    "object_repr": "cod",
    "action_flag": 2,
    "change_message": "[]"
  }
},
{
  "model": "admin.logentry",
  "pk": 180,
  "fields": {
    "action_time": "2025-09-01T12:41:33.657Z",
    "user": 1,
    "content_type": 11,
    "object_id": "12",
    "object_repr": "beef dripping",
    "action_flag": 2,
    "change_message": "[{\"changed\": {\"fields\": [\"Emissions\"]}}]"
  }
},
{
  "model": "admin.logentry",
  "pk": 181,
  "fields": {
    "action_time": "2025-09-01T12:41:59.395Z",
    "user": 1,
    "content_type": 30,
    "object_id": "5",
    "object_repr": "vegetable oil",
    "action_flag": 2,
    "change_message": "[{\"changed\": {\"fields\": [\"Emissions\"]}}]"
  }
},
{
  "model": "admin.logentry",
  "pk": 182,
  "fields": {
    "action_time": "2025-09-01T12:42:07.093Z",
    "user": 1,
    "content_type": 30,
    "object_id": "6",
    "object_repr": "haddock",
    "action_flag": 2,
    "change_message": "[{\"changed\": {\"fields\": [\"Emissions\"]}}]"
  }
},
{
  "model": "admin.logentry",
  "pk": 183,
  "fields": {
    "action_time": "2025-09-02T23:10:09.501Z",
    "user": 1,
    "content_type": 11,
    "object_id": "12",
    "object_repr": "beef dripping",
    "action_flag": 2,
    "change_message": "[{\"changed\": {\"fields\": [\"Emissions\"]}}]"
  }
},
{
  "model": "admin.logentry",
  "pk": 184,
  "fields": {
    "action_time": "2025-09-02T23:10:24.577Z",
    "user": 1,
    "content_type": 30,
    "object_id": "5",
    "object_repr": "vegetable oil",
    "action_flag": 2,
    "change_message": "[{\"changed\": {\"fields\": [\"Emissions\"]}}]"
  }
},
{
  "model": "admin.logentry",
  "pk": 185,
  "fields": {
    "action_time": "2025-09-02T23:11:37.295Z",
    "user": 1,
    "content_type": 11,
    "object_id": "10",
    "object_repr": "potato",
    "action_flag": 2,
    "change_message": "[{\"changed\": {\"fields\": [\"Nutritional value key\", \"Nutritional value\", \"Emissions key\", \"Emissions\"]}}]"
  }
},
{
  "model": "admin.logentry",
  "pk": 186,
  "fields": {
    "action_time": "2025-09-02T23:11:54.937Z",
    "user": 1,
    "content_type": 7,
    "object_id": "1",
    "object_repr": "Fish And Chips",
    "action_flag": 2,
    "change_message": "[{\"changed\": {\"fields\": [\"Ingredients\"]}}]"
  }
},
{
  "model": "admin.logentry",
  "pk": 187,
  "fields": {
    "action_time": "2025-09-02T23:22:49.324Z",
    "user": 1,
    "content_type": 11,
    "object_id": "15",
    "object_repr": "salt",
    "action_flag": 2,
    "change_message": "[{\"changed\": {\"fields\": [\"Nutritional value key\", \"Emissions key\"]}}]"
  }
},
{
  "model": "admin.logentry",
  "pk": 188,
  "fields": {
    "action_time": "2025-09-02T23:23:27.457Z",
    "user": 1,
    "content_type": 11,
    "object_id": "15",
    "object_repr": "salt",
    "action_flag": 2,
    "change_message": "[{\"changed\": {\"fields\": [\"Nutritional value key\", \"Emissions key\"]}}]"
  }
},
{
  "model": "admin.logentry",
  "pk": 189,
  "fields": {
    "action_time": "2025-09-02T23:58:23.551Z",
    "user": 1,
    "content_type": 25,
    "object_id": "1",
    "object_repr": "Timeofday object (1)",
    "action_flag": 2,
    "change_message": "[{\"changed\": {\"fields\": [\"Emission multiplier\"]}}]"
  }
},
{
  "model": "admin.logentry",
  "pk": 190,
  "fields": {
    "action_time": "2025-09-02T23:58:29.754Z",
    "user": 1,
    "content_type": 25,
    "object_id": "22",
    "object_repr": "Timeofday object (22)",
    "action_flag": 2,
    "change_message": "[{\"changed\": {\"fields\": [\"Emission multiplier\"]}}]"
  }
},
{
  "model": "admin.logentry",
  "pk": 191,
  "fields": {
    "action_time": "2025-09-02T23:58:35.472Z",
    "user": 1,
    "content_type": 25,
    "object_id": "21",
    "object_repr": "Timeofday object (21)",
    "action_flag": 2,
    "change_message": "[{\"changed\": {\"fields\": [\"Emission multiplier\"]}}]"
  }
},
{
  "model": "admin.logentry",
  "pk": 192,
  "fields": {
    "action_time": "2025-09-02T23:58:41.751Z",
    "user": 1,
    "content_type": 25,
    "object_id": "20",
    "object_repr": "Timeofday object (20)",
    "action_flag": 2,
    "change_message": "[{\"changed\": {\"fields\": [\"Emission multiplier\"]}}]"
  }
},
{
  "model": "admin.logentry",
  "pk": 193,
  "fields": {
    "action_time": "2025-09-02T23:58:50.491Z",
    "user": 1,
    "content_type": 25,
    "object_id": "19",
    "object_repr": "Timeofday object (19)",
    "action_flag": 2,
    "change_message": "[{\"changed\": {\"fields\": [\"Emission multiplier\"]}}]"
  }
},
{
  "model": "admin.logentry",
  "pk": 194,
  "fields": {
    "action_time": "2025-09-02T23:58:57.881Z",
    "user": 1,
    "content_type": 25,
    "object_id": "18",
    "object_repr": "Timeofday object (18)",
    "action_flag": 2,
    "change_message": "[{\"changed\": {\"fields\": [\"Emission multiplier\"]}}]"
  }
},
{
  "model": "admin.logentry",
  "pk": 195,
  "fields": {
    "action_time": "2025-09-02T23:59:04.462Z",
    "user": 1,
    "content_type": 25,
    "object_id": "17",
    "object_repr": "Timeofday object (17)",
    "action_flag": 2,
    "change_message": "[{\"changed\": {\"fields\": [\"Emission multiplier\"]}}]"
  }
},
{
  "model": "admin.logentry",
  "pk": 196,
  "fields": {
    "action_time": "2025-09-02T23:59:10.121Z",
    "user": 1,
    "content_type": 25,
    "object_id": "16",
    "object_repr": "Timeofday object (16)",
    "action_flag": 2,
    "change_message": "[{\"changed\": {\"fields\": [\"Emission multiplier\"]}}]"
  }
},
{
  "model": "admin.logentry",
  "pk": 197,
  "fields": {
    "action_time": "2025-09-02T23:59:15.283Z",
    "user": 1,
    "content_type": 25,
    "object_id": "15",
    "object_repr": "Timeofday object (15)",
    "action_flag": 2,
    "change_message": "[{\"changed\": {\"fields\": [\"Emission multiplier\"]}}]"
  }
},
{
  "model": "admin.logentry",
  "pk": 198,
  "fields": {
    "action_time": "2025-09-02T23:59:21.485Z",
    "user": 1,
    "content_type": 25,
    "object_id": "14",
    "object_repr": "Timeofday object (14)",
    "action_flag": 2,
    "change_message": "[{\"changed\": {\"fields\": [\"Emission multiplier\"]}}]"
  }
},
{
  "model": "admin.logentry",
  "pk": 199,
  "fields": {
    "action_time": "2025-09-02T23:59:26.784Z",
    "user": 1,
    "content_type": 25,
    "object_id": "13",
    "object_repr": "Timeofday object (13)",
    "action_flag": 2,
    "change_message": "[{\"changed\": {\"fields\": [\"Emission multiplier\"]}}]"
  }
},
{
  "model": "admin.logentry",
  "pk": 200,
  "fields": {
    "action_time": "2025-09-02T23:59:32.354Z",
    "user": 1,
    "content_type": 25,
    "object_id": "12",
    "object_repr": "Timeofday object (12)",
    "action_flag": 2,
    "change_message": "[{\"changed\": {\"fields\": [\"Emission multiplier\"]}}]"
  }
},
{
  "model": "admin.logentry",
  "pk": 201,
  "fields": {
    "action_time": "2025-09-02T23:59:39.817Z",
    "user": 1,
    "content_type": 25,
    "object_id": "2",
    "object_repr": "Timeofday object (2)",
    "action_flag": 2,
    "change_message": "[{\"changed\": {\"fields\": [\"Emission multiplier\"]}}]"
  }
},
{
  "model": "admin.logentry",
  "pk": 202,
  "fields": {
    "action_time": "2025-09-02T23:59:45.707Z",
    "user": 1,
    "content_type": 25,
    "object_id": "3",
    "object_repr": "Timeofday object (3)",
    "action_flag": 2,
    "change_message": "[{\"changed\": {\"fields\": [\"Emission multiplier\"]}}]"
  }
},
{
  "model": "admin.logentry",
  "pk": 203,
  "fields": {
    "action_time": "2025-09-02T23:59:51.958Z",
    "user": 1,
    "content_type": 25,
    "object_id": "4",
    "object_repr": "Timeofday object (4)",
    "action_flag": 2,
    "change_message": "[{\"changed\": {\"fields\": [\"Emission multiplier\"]}}]"
  }
},
{
  "model": "admin.logentry",
  "pk": 204,
  "fields": {
    "action_time": "2025-09-03T00:00:00.094Z",
    "user": 1,
    "content_type": 25,
    "object_id": "6",
    "object_repr": "Timeofday object (6)",
    "action_flag": 2,
    "change_message": "[{\"changed\": {\"fields\": [\"Emission multiplier\"]}}]"
  }
},
{
  "model": "admin.logentry",
  "pk": 205,
  "fields": {
    "action_time": "2025-09-03T00:00:06.939Z",
    "user": 1,
    "content_type": 25,
    "object_id": "10",
    "object_repr": "Timeofday object (10)",
    "action_flag": 2,
    "change_message": "[{\"changed\": {\"fields\": [\"Emission multiplier\"]}}]"
  }
},
{
  "model": "admin.logentry",
  "pk": 206,
  "fields": {
    "action_time": "2025-09-03T00:00:14.355Z",
    "user": 1,
    "content_type": 25,
    "object_id": "7",
    "object_repr": "Timeofday object (7)",
    "action_flag": 2,
    "change_message": "[{\"changed\": {\"fields\": [\"Emission multiplier\"]}}]"
  }
},
{
  "model": "admin.logentry",
  "pk": 207,
  "fields": {
    "action_time": "2025-09-03T00:00:22.163Z",
    "user": 1,
    "content_type": 25,
    "object_id": "9",
    "object_repr": "Timeofday object (9)",
    "action_flag": 2,
    "change_message": "[{\"changed\": {\"fields\": [\"Emission multiplier\"]}}]"
  }
},
{
  "model": "admin.logentry",
  "pk": 208,
  "fields": {
    "action_time": "2025-09-03T00:00:28.190Z",
    "user": 1,
    "content_type": 25,
    "object_id": "11",
    "object_repr": "Timeofday object (11)",
    "action_flag": 2,
    "change_message": "[{\"changed\": {\"fields\": [\"Emission multiplier\"]}}]"
  }
},
{
  "model": "admin.logentry",
  "pk": 209,
  "fields": {
    "action_time": "2025-09-03T00:00:34.370Z",
    "user": 1,
    "content_type": 25,
    "object_id": "8",
    "object_repr": "Timeofday object (8)",
    "action_flag": 2,
    "change_message": "[{\"changed\": {\"fields\": [\"Emission multiplier\"]}}]"
  }
},
{
  "model": "admin.logentry",
  "pk": 210,
  "fields": {
    "action_time": "2025-09-03T00:00:44.601Z",
    "user": 1,
    "content_type": 22,
    "object_id": "3",
    "object_repr": "Location object (3)",
    "action_flag": 2,
    "change_message": "[{\"changed\": {\"fields\": [\"Location emission factor\"]}}]"
  }
},
{
  "model": "admin.logentry",
  "pk": 211,
  "fields": {
    "action_time": "2025-09-03T00:00:51.059Z",
    "user": 1,
    "content_type": 22,
    "object_id": "2",
    "object_repr": "Location object (2)",
    "action_flag": 2,
    "change_message": "[{\"changed\": {\"fields\": [\"Location emission factor\"]}}]"
  }
},
{
  "model": "admin.logentry",
  "pk": 212,
  "fields": {
    "action_time": "2025-09-03T00:00:57.198Z",
    "user": 1,
    "content_type": 22,
    "object_id": "1",
    "object_repr": "Location object (1)",
    "action_flag": 2,
    "change_message": "[{\"changed\": {\"fields\": [\"Location emission factor\"]}}]"
  }
},
{
  "model": "admin.logentry",
  "pk": 213,
  "fields": {
    "action_time": "2025-09-03T00:02:51.268Z",
    "user": 1,
    "content_type": 11,
    "object_id": "12",
    "object_repr": "beef dripping",
    "action_flag": 2,
    "change_message": "[{\"changed\": {\"fields\": [\"Substitutes\"]}}]"
  }
},
{
  "model": "admin.logentry",
  "pk": 214,
  "fields": {
    "action_time": "2025-09-03T00:06:09.600Z",
    "user": 1,
    "content_type": 24,
    "object_id": "3",
    "object_repr": "Step 1 for English Breakfast",
    "action_flag": 2,
    "change_message": "[{\"changed\": {\"fields\": [\"Content\"]}}]"
  }
},
{
  "model": "admin.logentry",
  "pk": 215,
  "fields": {
    "action_time": "2025-09-03T00:07:09.452Z",
    "user": 1,
    "content_type": 24,
    "object_id": "8",
    "object_repr": "Step 2 for English Breakfast",
    "action_flag": 1,
    "change_message": "[{\"added\": {}}]"
  }
},
{
  "model": "admin.logentry",
  "pk": 216,
  "fields": {
    "action_time": "2025-09-03T00:07:46.227Z",
    "user": 1,
    "content_type": 24,
    "object_id": "9",
    "object_repr": "Step 3 for English Breakfast",
    "action_flag": 1,
    "change_message": "[{\"added\": {}}]"
  }
},
{
  "model": "admin.logentry",
  "pk": 217,
  "fields": {
    "action_time": "2025-09-03T00:08:16.986Z",
    "user": 1,
    "content_type": 24,
    "object_id": "10",
    "object_repr": "Step 4 for English Breakfast",
    "action_flag": 1,
    "change_message": "[{\"added\": {}}]"
  }
},
{
  "model": "admin.logentry",
  "pk": 218,
  "fields": {
    "action_time": "2025-09-03T00:08:44.812Z",
    "user": 1,
    "content_type": 24,
    "object_id": "11",
    "object_repr": "Step 5 for English Breakfast",
    "action_flag": 1,
    "change_message": "[{\"added\": {}}]"
  }
},
{
  "model": "admin.logentry",
  "pk": 219,
  "fields": {
    "action_time": "2025-09-03T00:09:24.273Z",
    "user": 1,
    "content_type": 24,
    "object_id": "12",
    "object_repr": "Step 6 for English Breakfast",
    "action_flag": 1,
    "change_message": "[{\"added\": {}}]"
  }
},
{
  "model": "admin.logentry",
  "pk": 220,
  "fields": {
    "action_time": "2025-09-03T00:09:54.303Z",
    "user": 1,
    "content_type": 24,
    "object_id": "13",
    "object_repr": "Step 7 for English Breakfast",
    "action_flag": 1,
    "change_message": "[{\"added\": {}}]"
  }
},
{
  "model": "admin.logentry",
  "pk": 221,
  "fields": {
    "action_time": "2025-09-03T00:10:21.826Z",
    "user": 1,
    "content_type": 24,
    "object_id": "14",
    "object_repr": "Step 8 for English Breakfast",
    "action_flag": 1,
    "change_message": "[{\"added\": {}}]"
  }
},
{
  "model": "admin.logentry",
  "pk": 222,
  "fields": {
    "action_time": "2025-09-03T00:10:48.609Z",
    "user": 1,
    "content_type": 24,
    "object_id": "15",
    "object_repr": "Step 9 for English Breakfast",
    "action_flag": 1,
    "change_message": "[{\"added\": {}}]"
  }
},
{
  "model": "admin.logentry",
  "pk": 223,
  "fields": {
    "action_time": "2025-09-03T00:11:14.581Z",
    "user": 1,
    "content_type": 24,
    "object_id": "13",
    "object_repr": "Step 7 for English Breakfast",
    "action_flag": 2,
    "change_message": "[{\"changed\": {\"fields\": [\"Ventilation\"]}}]"
  }
},
{
  "model": "admin.logentry",
  "pk": 224,
  "fields": {
    "action_time": "2025-09-03T00:12:21.173Z",
    "user": 1,
    "content_type": 11,
    "object_id": "18",
    "object_repr": "bacon",
    "action_flag": 1,
    "change_message": "[{\"added\": {}}]"
  }
},
{
  "model": "admin.logentry",
  "pk": 225,
  "fields": {
    "action_time": "2025-09-03T00:12:44.036Z",
    "user": 1,
    "content_type": 11,
    "object_id": "19",
    "object_repr": "egg",
    "action_flag": 1,
    "change_message": "[{\"added\": {}}]"
  }
},
{
  "model": "admin.logentry",
  "pk": 226,
  "fields": {
    "action_time": "2025-09-03T00:13:33.223Z",
    "user": 1,
    "content_type": 11,
    "object_id": "20",
    "object_repr": "tomato",
    "action_flag": 1,
    "change_message": "[{\"added\": {}}]"
  }
},
{
  "model": "admin.logentry",
  "pk": 227,
  "fields": {
    "action_time": "2025-09-03T00:13:51.185Z",
    "user": 1,
    "content_type": 11,
    "object_id": "21",
    "object_repr": "white bread",
    "action_flag": 1,
    "change_message": "[{\"added\": {}}]"
  }
},
{
  "model": "admin.logentry",
  "pk": 228,
  "fields": {
    "action_time": "2025-09-03T00:14:12.309Z",
    "user": 1,
    "content_type": 11,
    "object_id": "22",
    "object_repr": "black pudding",
    "action_flag": 1,
    "change_message": "[{\"added\": {}}]"
  }
},
{
  "model": "admin.logentry",
  "pk": 229,
  "fields": {
    "action_time": "2025-09-03T00:14:52.740Z",
    "user": 1,
    "content_type": 11,
    "object_id": "23",
    "object_repr": "olive oil",
    "action_flag": 1,
    "change_message": "[{\"added\": {}}]"
  }
},
{
  "model": "admin.logentry",
  "pk": 230,
  "fields": {
    "action_time": "2025-09-03T00:15:02.568Z",
    "user": 1,
    "content_type": 11,
    "object_id": "22",
    "object_repr": "black pudding",
    "action_flag": 2,
    "change_message": "[{\"changed\": {\"fields\": [\"Emissions\"]}}]"
  }
},
{
  "model": "admin.logentry",
  "pk": 231,
  "fields": {
    "action_time": "2025-09-03T00:15:10.924Z",
    "user": 1,
    "content_type": 11,
    "object_id": "21",
    "object_repr": "white bread",
    "action_flag": 2,
    "change_message": "[{\"changed\": {\"fields\": [\"Emissions\"]}}]"
  }
},
{
  "model": "admin.logentry",
  "pk": 232,
  "fields": {
    "action_time": "2025-09-03T00:15:20.230Z",
    "user": 1,
    "content_type": 11,
    "object_id": "20",
    "object_repr": "tomato",
    "action_flag": 2,
    "change_message": "[{\"changed\": {\"fields\": [\"Emissions\"]}}]"
  }
},
{
  "model": "admin.logentry",
  "pk": 233,
  "fields": {
    "action_time": "2025-09-03T00:15:26.136Z",
    "user": 1,
    "content_type": 11,
    "object_id": "19",
    "object_repr": "egg",
    "action_flag": 2,
    "change_message": "[{\"changed\": {\"fields\": [\"Emissions\"]}}]"
  }
},
{
  "model": "admin.logentry",
  "pk": 234,
  "fields": {
    "action_time": "2025-09-03T00:17:28.118Z",
    "user": 1,
    "content_type": 11,
    "object_id": "18",
    "object_repr": "bacon",
    "action_flag": 2,
    "change_message": "[{\"changed\": {\"fields\": [\"Emissions\"]}}]"
  }
},
{
  "model": "admin.logentry",
  "pk": 235,
  "fields": {
    "action_time": "2025-09-03T00:17:59.832Z",
    "user": 1,
    "content_type": 30,
    "object_id": "7",
    "object_repr": "Tofu",
    "action_flag": 1,
    "change_message": "[{\"added\": {}}]"
  }
},
{
  "model": "admin.logentry",
  "pk": 236,
  "fields": {
    "action_time": "2025-09-03T00:18:16.046Z",
    "user": 1,
    "content_type": 11,
    "object_id": "18",
    "object_repr": "bacon",
    "action_flag": 2,
    "change_message": "[{\"changed\": {\"fields\": [\"Substitutes\"]}}]"
  }
},
{
  "model": "admin.logentry",
  "pk": 237,
  "fields": {
    "action_time": "2025-09-03T00:19:33.757Z",
    "user": 1,
    "content_type": 7,
    "object_id": "2",
    "object_repr": "English Breakfast",
    "action_flag": 2,
    "change_message": "[{\"changed\": {\"fields\": [\"Ingredients\"]}}]"
  }
},
{
  "model": "auth.permission",
  "pk": 1,
  "fields": {
    "name": "Can add log entry",
    "content_type": 1,
    "codename": "add_logentry"
  }
},
{
  "model": "auth.permission",
  "pk": 2,
  "fields": {
    "name": "Can change log entry",
    "content_type": 1,
    "codename": "change_logentry"
  }
},
{
  "model": "auth.permission",
  "pk": 3,
  "fields": {
    "name": "Can delete log entry",
    "content_type": 1,
    "codename": "delete_logentry"
  }
},
{
  "model": "auth.permission",
  "pk": 4,
  "fields": {
    "name": "Can view log entry",
    "content_type": 1,
    "codename": "view_logentry"
  }
},
{
  "model": "auth.permission",
  "pk": 5,
  "fields": {
    "name": "Can add permission",
    "content_type": 2,
    "codename": "add_permission"
  }
},
{
  "model": "auth.permission",
  "pk": 6,
  "fields": {
    "name": "Can change permission",
    "content_type": 2,
    "codename": "change_permission"
  }
},
{
  "model": "auth.permission",
  "pk": 7,
  "fields": {
    "name": "Can delete permission",
    "content_type": 2,
    "codename": "delete_permission"
  }
},
{
  "model": "auth.permission",
  "pk": 8,
  "fields": {
    "name": "Can view permission",
    "content_type": 2,
    "codename": "view_permission"
  }
},
{
  "model": "auth.permission",
  "pk": 9,
  "fields": {
    "name": "Can add group",
    "content_type": 3,
    "codename": "add_group"
  }
},
{
  "model": "auth.permission",
  "pk": 10,
  "fields": {
    "name": "Can change group",
    "content_type": 3,
    "codename": "change_group"
  }
},
{
  "model": "auth.permission",
  "pk": 11,
  "fields": {
    "name": "Can delete group",
    "content_type": 3,
    "codename": "delete_group"
  }
},
{
  "model": "auth.permission",
  "pk": 12,
  "fields": {
    "name": "Can view group",
    "content_type": 3,
    "codename": "view_group"
  }
},
{
  "model": "auth.permission",
  "pk": 13,
  "fields": {
    "name": "Can add user",
    "content_type": 4,
    "codename": "add_user"
  }
},
{
  "model": "auth.permission",
  "pk": 14,
  "fields": {
    "name": "Can change user",
    "content_type": 4,
    "codename": "change_user"
  }
},
{
  "model": "auth.permission",
  "pk": 15,
  "fields": {
    "name": "Can delete user",
    "content_type": 4,
    "codename": "delete_user"
  }
},
{
  "model": "auth.permission",
  "pk": 16,
  "fields": {
    "name": "Can view user",
    "content_type": 4,
    "codename": "view_user"
  }
},
{
  "model": "auth.permission",
  "pk": 17,
  "fields": {
    "name": "Can add content type",
    "content_type": 5,
    "codename": "add_contenttype"
  }
},
{
  "model": "auth.permission",
  "pk": 18,
  "fields": {
    "name": "Can change content type",
    "content_type": 5,
    "codename": "change_contenttype"
  }
},
{
  "model": "auth.permission",
  "pk": 19,
  "fields": {
    "name": "Can delete content type",
    "content_type": 5,
    "codename": "delete_contenttype"
  }
},
{
  "model": "auth.permission",
  "pk": 20,
  "fields": {
    "name": "Can view content type",
    "content_type": 5,
    "codename": "view_contenttype"
  }
},
{
  "model": "auth.permission",
  "pk": 21,
  "fields": {
    "name": "Can add session",
    "content_type": 6,
    "codename": "add_session"
  }
},
{
  "model": "auth.permission",
  "pk": 22,
  "fields": {
    "name": "Can change session",
    "content_type": 6,
    "codename": "change_session"
  }
},
{
  "model": "auth.permission",
  "pk": 23,
  "fields": {
    "name": "Can delete session",
    "content_type": 6,
    "codename": "delete_session"
  }
},
{
  "model": "auth.permission",
  "pk": 24,
  "fields": {
    "name": "Can view session",
    "content_type": 6,
    "codename": "view_session"
  }
},
{
  "model": "auth.permission",
  "pk": 25,
  "fields": {
    "name": "Can add recipe",
    "content_type": 7,
    "codename": "add_recipe"
  }
},
{
  "model": "auth.permission",
  "pk": 26,
  "fields": {
    "name": "Can change recipe",
    "content_type": 7,
    "codename": "change_recipe"
  }
},
{
  "model": "auth.permission",
  "pk": 27,
  "fields": {
    "name": "Can delete recipe",
    "content_type": 7,
    "codename": "delete_recipe"
  }
},
{
  "model": "auth.permission",
  "pk": 28,
  "fields": {
    "name": "Can view recipe",
    "content_type": 7,
    "codename": "view_recipe"
  }
},
{
  "model": "auth.permission",
  "pk": 29,
  "fields": {
    "name": "Can add gridanalysis",
    "content_type": 8,
    "codename": "add_gridanalysis"
  }
},
{
  "model": "auth.permission",
  "pk": 30,
  "fields": {
    "name": "Can change gridanalysis",
    "content_type": 8,
    "codename": "change_gridanalysis"
  }
},
{
  "model": "auth.permission",
  "pk": 31,
  "fields": {
    "name": "Can delete gridanalysis",
    "content_type": 8,
    "codename": "delete_gridanalysis"
  }
},
{
  "model": "auth.permission",
  "pk": 32,
  "fields": {
    "name": "Can view gridanalysis",
    "content_type": 8,
    "codename": "view_gridanalysis"
  }
},
{
  "model": "auth.permission",
  "pk": 33,
  "fields": {
    "name": "Can add substitutions",
    "content_type": 9,
    "codename": "add_substitutions"
  }
},
{
  "model": "auth.permission",
  "pk": 34,
  "fields": {
    "name": "Can change substitutions",
    "content_type": 9,
    "codename": "change_substitutions"
  }
},
{
  "model": "auth.permission",
  "pk": 35,
  "fields": {
    "name": "Can delete substitutions",
    "content_type": 9,
    "codename": "delete_substitutions"
  }
},
{
  "model": "auth.permission",
  "pk": 36,
  "fields": {
    "name": "Can view substitutions",
    "content_type": 9,
    "codename": "view_substitutions"
  }
},
{
  "model": "auth.permission",
  "pk": 37,
  "fields": {
    "name": "Can add sub_ cooking methods",
    "content_type": 10,
    "codename": "add_sub_cookingmethods"
  }
},
{
  "model": "auth.permission",
  "pk": 38,
  "fields": {
    "name": "Can change sub_ cooking methods",
    "content_type": 10,
    "codename": "change_sub_cookingmethods"
  }
},
{
  "model": "auth.permission",
  "pk": 39,
  "fields": {
    "name": "Can delete sub_ cooking methods",
    "content_type": 10,
    "codename": "delete_sub_cookingmethods"
  }
},
{
  "model": "auth.permission",
  "pk": 40,
  "fields": {
    "name": "Can view sub_ cooking methods",
    "content_type": 10,
    "codename": "view_sub_cookingmethods"
  }
},
{
  "model": "auth.permission",
  "pk": 41,
  "fields": {
    "name": "Can add sub_ ingredients",
    "content_type": 11,
    "codename": "add_sub_ingredients"
  }
},
{
  "model": "auth.permission",
  "pk": 42,
  "fields": {
    "name": "Can change sub_ ingredients",
    "content_type": 11,
    "codename": "change_sub_ingredients"
  }
},
{
  "model": "auth.permission",
  "pk": 43,
  "fields": {
    "name": "Can delete sub_ ingredients",
    "content_type": 11,
    "codename": "delete_sub_ingredients"
  }
},
{
  "model": "auth.permission",
  "pk": 44,
  "fields": {
    "name": "Can view sub_ ingredients",
    "content_type": 11,
    "codename": "view_sub_ingredients"
  }
},
{
  "model": "auth.permission",
  "pk": 45,
  "fields": {
    "name": "Can add sub_ cooking method",
    "content_type": 10,
    "codename": "add_sub_cookingmethod"
  }
},
{
  "model": "auth.permission",
  "pk": 46,
  "fields": {
    "name": "Can change sub_ cooking method",
    "content_type": 10,
    "codename": "change_sub_cookingmethod"
  }
},
{
  "model": "auth.permission",
  "pk": 47,
  "fields": {
    "name": "Can delete sub_ cooking method",
    "content_type": 10,
    "codename": "delete_sub_cookingmethod"
  }
},
{
  "model": "auth.permission",
  "pk": 48,
  "fields": {
    "name": "Can view sub_ cooking method",
    "content_type": 10,
    "codename": "view_sub_cookingmethod"
  }
},
{
  "model": "auth.permission",
  "pk": 49,
  "fields": {
    "name": "Can add sub_ ingredient",
    "content_type": 11,
    "codename": "add_sub_ingredient"
  }
},
{
  "model": "auth.permission",
  "pk": 50,
  "fields": {
    "name": "Can change sub_ ingredient",
    "content_type": 11,
    "codename": "change_sub_ingredient"
  }
},
{
  "model": "auth.permission",
  "pk": 51,
  "fields": {
    "name": "Can delete sub_ ingredient",
    "content_type": 11,
    "codename": "delete_sub_ingredient"
  }
},
{
  "model": "auth.permission",
  "pk": 52,
  "fields": {
    "name": "Can view sub_ ingredient",
    "content_type": 11,
    "codename": "view_sub_ingredient"
  }
},
{
  "model": "auth.permission",
  "pk": 53,
  "fields": {
    "name": "Can add substitute ingredients",
    "content_type": 11,
    "codename": "add_substituteingredients"
  }
},
{
  "model": "auth.permission",
  "pk": 54,
  "fields": {
    "name": "Can change substitute ingredients",
    "content_type": 11,
    "codename": "change_substituteingredients"
  }
},
{
  "model": "auth.permission",
  "pk": 55,
  "fields": {
    "name": "Can delete substitute ingredients",
    "content_type": 11,
    "codename": "delete_substituteingredients"
  }
},
{
  "model": "auth.permission",
  "pk": 56,
  "fields": {
    "name": "Can view substitute ingredients",
    "content_type": 11,
    "codename": "view_substituteingredients"
  }
},
{
  "model": "auth.permission",
  "pk": 57,
  "fields": {
    "name": "Can add substitute ingredient",
    "content_type": 11,
    "codename": "add_substituteingredient"
  }
},
{
  "model": "auth.permission",
  "pk": 58,
  "fields": {
    "name": "Can change substitute ingredient",
    "content_type": 11,
    "codename": "change_substituteingredient"
  }
},
{
  "model": "auth.permission",
  "pk": 59,
  "fields": {
    "name": "Can delete substitute ingredient",
    "content_type": 11,
    "codename": "delete_substituteingredient"
  }
},
{
  "model": "auth.permission",
  "pk": 60,
  "fields": {
    "name": "Can view substitute ingredient",
    "content_type": 11,
    "codename": "view_substituteingredient"
  }
},
{
  "model": "auth.permission",
  "pk": 61,
  "fields": {
    "name": "Can add substitute cooking method",
    "content_type": 12,
    "codename": "add_substitutecookingmethod"
  }
},
{
  "model": "auth.permission",
  "pk": 62,
  "fields": {
    "name": "Can change substitute cooking method",
    "content_type": 12,
    "codename": "change_substitutecookingmethod"
  }
},
{
  "model": "auth.permission",
  "pk": 63,
  "fields": {
    "name": "Can delete substitute cooking method",
    "content_type": 12,
    "codename": "delete_substitutecookingmethod"
  }
},
{
  "model": "auth.permission",
  "pk": 64,
  "fields": {
    "name": "Can view substitute cooking method",
    "content_type": 12,
    "codename": "view_substitutecookingmethod"
  }
},
{
  "model": "auth.permission",
  "pk": 65,
  "fields": {
    "name": "Can add grid analysi",
    "content_type": 13,
    "codename": "add_gridanalysi"
  }
},
{
  "model": "auth.permission",
  "pk": 66,
  "fields": {
    "name": "Can change grid analysi",
    "content_type": 13,
    "codename": "change_gridanalysi"
  }
},
{
  "model": "auth.permission",
  "pk": 67,
  "fields": {
    "name": "Can delete grid analysi",
    "content_type": 13,
    "codename": "delete_gridanalysi"
  }
},
{
  "model": "auth.permission",
  "pk": 68,
  "fields": {
    "name": "Can view grid analysi",
    "content_type": 13,
    "codename": "view_gridanalysi"
  }
},
{
  "model": "auth.permission",
  "pk": 69,
  "fields": {
    "name": "Can add emissions",
    "content_type": 14,
    "codename": "add_emissions"
  }
},
{
  "model": "auth.permission",
  "pk": 70,
  "fields": {
    "name": "Can change emissions",
    "content_type": 14,
    "codename": "change_emissions"
  }
},
{
  "model": "auth.permission",
  "pk": 71,
  "fields": {
    "name": "Can delete emissions",
    "content_type": 14,
    "codename": "delete_emissions"
  }
},
{
  "model": "auth.permission",
  "pk": 72,
  "fields": {
    "name": "Can view emissions",
    "content_type": 14,
    "codename": "view_emissions"
  }
},
{
  "model": "auth.permission",
  "pk": 73,
  "fields": {
    "name": "Can add nutrition",
    "content_type": 15,
    "codename": "add_nutrition"
  }
},
{
  "model": "auth.permission",
  "pk": 74,
  "fields": {
    "name": "Can change nutrition",
    "content_type": 15,
    "codename": "change_nutrition"
  }
},
{
  "model": "auth.permission",
  "pk": 75,
  "fields": {
    "name": "Can delete nutrition",
    "content_type": 15,
    "codename": "delete_nutrition"
  }
},
{
  "model": "auth.permission",
  "pk": 76,
  "fields": {
    "name": "Can view nutrition",
    "content_type": 15,
    "codename": "view_nutrition"
  }
},
{
  "model": "auth.permission",
  "pk": 77,
  "fields": {
    "name": "Can add location",
    "content_type": 16,
    "codename": "add_location"
  }
},
{
  "model": "auth.permission",
  "pk": 78,
  "fields": {
    "name": "Can change location",
    "content_type": 16,
    "codename": "change_location"
  }
},
{
  "model": "auth.permission",
  "pk": 79,
  "fields": {
    "name": "Can delete location",
    "content_type": 16,
    "codename": "delete_location"
  }
},
{
  "model": "auth.permission",
  "pk": 80,
  "fields": {
    "name": "Can view location",
    "content_type": 16,
    "codename": "view_location"
  }
},
{
  "model": "auth.permission",
  "pk": 81,
  "fields": {
    "name": "Can add cooking appliance",
    "content_type": 17,
    "codename": "add_cookingappliance"
  }
},
{
  "model": "auth.permission",
  "pk": 82,
  "fields": {
    "name": "Can change cooking appliance",
    "content_type": 17,
    "codename": "change_cookingappliance"
  }
},
{
  "model": "auth.permission",
  "pk": 83,
  "fields": {
    "name": "Can delete cooking appliance",
    "content_type": 17,
    "codename": "delete_cookingappliance"
  }
},
{
  "model": "auth.permission",
  "pk": 84,
  "fields": {
    "name": "Can view cooking appliance",
    "content_type": 17,
    "codename": "view_cookingappliance"
  }
},
{
  "model": "auth.permission",
  "pk": 85,
  "fields": {
    "name": "Can add cooking method",
    "content_type": 18,
    "codename": "add_cookingmethod"
  }
},
{
  "model": "auth.permission",
  "pk": 86,
  "fields": {
    "name": "Can change cooking method",
    "content_type": 18,
    "codename": "change_cookingmethod"
  }
},
{
  "model": "auth.permission",
  "pk": 87,
  "fields": {
    "name": "Can delete cooking method",
    "content_type": 18,
    "codename": "delete_cookingmethod"
  }
},
{
  "model": "auth.permission",
  "pk": 88,
  "fields": {
    "name": "Can view cooking method",
    "content_type": 18,
    "codename": "view_cookingmethod"
  }
},
{
  "model": "auth.permission",
  "pk": 89,
  "fields": {
    "name": "Can add diet option",
    "content_type": 19,
    "codename": "add_dietoption"
  }
},
{
  "model": "auth.permission",
  "pk": 90,
  "fields": {
    "name": "Can change diet option",
    "content_type": 19,
    "codename": "change_dietoption"
  }
},
{
  "model": "auth.permission",
  "pk": 91,
  "fields": {
    "name": "Can delete diet option",
    "content_type": 19,
    "codename": "delete_dietoption"
  }
},
{
  "model": "auth.permission",
  "pk": 92,
  "fields": {
    "name": "Can view diet option",
    "content_type": 19,
    "codename": "view_dietoption"
  }
},
{
  "model": "auth.permission",
  "pk": 93,
  "fields": {
    "name": "Can add emissions",
    "content_type": 20,
    "codename": "add_emissions"
  }
},
{
  "model": "auth.permission",
  "pk": 94,
  "fields": {
    "name": "Can change emissions",
    "content_type": 20,
    "codename": "change_emissions"
  }
},
{
  "model": "auth.permission",
  "pk": 95,
  "fields": {
    "name": "Can delete emissions",
    "content_type": 20,
    "codename": "delete_emissions"
  }
},
{
  "model": "auth.permission",
  "pk": 96,
  "fields": {
    "name": "Can view emissions",
    "content_type": 20,
    "codename": "view_emissions"
  }
},
{
  "model": "auth.permission",
  "pk": 97,
  "fields": {
    "name": "Can add grid analysi",
    "content_type": 21,
    "codename": "add_gridanalysi"
  }
},
{
  "model": "auth.permission",
  "pk": 98,
  "fields": {
    "name": "Can change grid analysi",
    "content_type": 21,
    "codename": "change_gridanalysi"
  }
},
{
  "model": "auth.permission",
  "pk": 99,
  "fields": {
    "name": "Can delete grid analysi",
    "content_type": 21,
    "codename": "delete_gridanalysi"
  }
},
{
  "model": "auth.permission",
  "pk": 100,
  "fields": {
    "name": "Can view grid analysi",
    "content_type": 21,
    "codename": "view_gridanalysi"
  }
},
{
  "model": "auth.permission",
  "pk": 101,
  "fields": {
    "name": "Can add location",
    "content_type": 22,
    "codename": "add_location"
  }
},
{
  "model": "auth.permission",
  "pk": 102,
  "fields": {
    "name": "Can change location",
    "content_type": 22,
    "codename": "change_location"
  }
},
{
  "model": "auth.permission",
  "pk": 103,
  "fields": {
    "name": "Can delete location",
    "content_type": 22,
    "codename": "delete_location"
  }
},
{
  "model": "auth.permission",
  "pk": 104,
  "fields": {
    "name": "Can view location",
    "content_type": 22,
    "codename": "view_location"
  }
},
{
  "model": "auth.permission",
  "pk": 105,
  "fields": {
    "name": "Can add nutrition",
    "content_type": 23,
    "codename": "add_nutrition"
  }
},
{
  "model": "auth.permission",
  "pk": 106,
  "fields": {
    "name": "Can change nutrition",
    "content_type": 23,
    "codename": "change_nutrition"
  }
},
{
  "model": "auth.permission",
  "pk": 107,
  "fields": {
    "name": "Can delete nutrition",
    "content_type": 23,
    "codename": "delete_nutrition"
  }
},
{
  "model": "auth.permission",
  "pk": 108,
  "fields": {
    "name": "Can view nutrition",
    "content_type": 23,
    "codename": "view_nutrition"
  }
},
{
  "model": "auth.permission",
  "pk": 109,
  "fields": {
    "name": "Can add recipe step analysi",
    "content_type": 24,
    "codename": "add_recipestepanalysi"
  }
},
{
  "model": "auth.permission",
  "pk": 110,
  "fields": {
    "name": "Can change recipe step analysi",
    "content_type": 24,
    "codename": "change_recipestepanalysi"
  }
},
{
  "model": "auth.permission",
  "pk": 111,
  "fields": {
    "name": "Can delete recipe step analysi",
    "content_type": 24,
    "codename": "delete_recipestepanalysi"
  }
},
{
  "model": "auth.permission",
  "pk": 112,
  "fields": {
    "name": "Can view recipe step analysi",
    "content_type": 24,
    "codename": "view_recipestepanalysi"
  }
},
{
  "model": "auth.permission",
  "pk": 113,
  "fields": {
    "name": "Can add timeofday",
    "content_type": 25,
    "codename": "add_timeofday"
  }
},
{
  "model": "auth.permission",
  "pk": 114,
  "fields": {
    "name": "Can change timeofday",
    "content_type": 25,
    "codename": "change_timeofday"
  }
},
{
  "model": "auth.permission",
  "pk": 115,
  "fields": {
    "name": "Can delete timeofday",
    "content_type": 25,
    "codename": "delete_timeofday"
  }
},
{
  "model": "auth.permission",
  "pk": 116,
  "fields": {
    "name": "Can view timeofday",
    "content_type": 25,
    "codename": "view_timeofday"
  }
},
{
  "model": "auth.permission",
  "pk": 117,
  "fields": {
    "name": "Can add recipe step",
    "content_type": 24,
    "codename": "add_recipestep"
  }
},
{
  "model": "auth.permission",
  "pk": 118,
  "fields": {
    "name": "Can change recipe step",
    "content_type": 24,
    "codename": "change_recipestep"
  }
},
{
  "model": "auth.permission",
  "pk": 119,
  "fields": {
    "name": "Can delete recipe step",
    "content_type": 24,
    "codename": "delete_recipestep"
  }
},
{
  "model": "auth.permission",
  "pk": 120,
  "fields": {
    "name": "Can view recipe step",
    "content_type": 24,
    "codename": "view_recipestep"
  }
},
{
  "model": "auth.permission",
  "pk": 121,
  "fields": {
    "name": "Can add dashboard stats",
    "content_type": 26,
    "codename": "add_dashboardstats"
  }
},
{
  "model": "auth.permission",
  "pk": 122,
  "fields": {
    "name": "Can change dashboard stats",
    "content_type": 26,
    "codename": "change_dashboardstats"
  }
},
{
  "model": "auth.permission",
  "pk": 123,
  "fields": {
    "name": "Can delete dashboard stats",
    "content_type": 26,
    "codename": "delete_dashboardstats"
  }
},
{
  "model": "auth.permission",
  "pk": 124,
  "fields": {
    "name": "Can view dashboard stats",
    "content_type": 26,
    "codename": "view_dashboardstats"
  }
},
{
  "model": "auth.permission",
  "pk": 125,
  "fields": {
    "name": "Can add dashboard stats criteria",
    "content_type": 27,
    "codename": "add_dashboardstatscriteria"
  }
},
{
  "model": "auth.permission",
  "pk": 126,
  "fields": {
    "name": "Can change dashboard stats criteria",
    "content_type": 27,
    "codename": "change_dashboardstatscriteria"
  }
},
{
  "model": "auth.permission",
  "pk": 127,
  "fields": {
    "name": "Can delete dashboard stats criteria",
    "content_type": 27,
    "codename": "delete_dashboardstatscriteria"
  }
},
{
  "model": "auth.permission",
  "pk": 128,
  "fields": {
    "name": "Can view dashboard stats criteria",
    "content_type": 27,
    "codename": "view_dashboardstatscriteria"
  }
},
{
  "model": "auth.permission",
  "pk": 129,
  "fields": {
    "name": "Can add criteria to stats m2m",
    "content_type": 28,
    "codename": "add_criteriatostatsm2m"
  }
},
{
  "model": "auth.permission",
  "pk": 130,
  "fields": {
    "name": "Can change criteria to stats m2m",
    "content_type": 28,
    "codename": "change_criteriatostatsm2m"
  }
},
{
  "model": "auth.permission",
  "pk": 131,
  "fields": {
    "name": "Can delete criteria to stats m2m",
    "content_type": 28,
    "codename": "delete_criteriatostatsm2m"
  }
},
{
  "model": "auth.permission",
  "pk": 132,
  "fields": {
    "name": "Can view criteria to stats m2m",
    "content_type": 28,
    "codename": "view_criteriatostatsm2m"
  }
},
{
  "model": "auth.permission",
  "pk": 133,
  "fields": {
    "name": "Can add cached value",
    "content_type": 29,
    "codename": "add_cachedvalue"
  }
},
{
  "model": "auth.permission",
  "pk": 134,
  "fields": {
    "name": "Can change cached value",
    "content_type": 29,
    "codename": "change_cachedvalue"
  }
},
{
  "model": "auth.permission",
  "pk": 135,
  "fields": {
    "name": "Can delete cached value",
    "content_type": 29,
    "codename": "delete_cachedvalue"
  }
},
{
  "model": "auth.permission",
  "pk": 136,
  "fields": {
    "name": "Can view cached value",
    "content_type": 29,
    "codename": "view_cachedvalue"
  }
},
{
  "model": "auth.permission",
  "pk": 137,
  "fields": {
    "name": "Can add ingredient",
    "content_type": 11,
    "codename": "add_ingredient"
  }
},
{
  "model": "auth.permission",
  "pk": 138,
  "fields": {
    "name": "Can change ingredient",
    "content_type": 11,
    "codename": "change_ingredient"
  }
},
{
  "model": "auth.permission",
  "pk": 139,
  "fields": {
    "name": "Can delete ingredient",
    "content_type": 11,
    "codename": "delete_ingredient"
  }
},
{
  "model": "auth.permission",
  "pk": 140,
  "fields": {
    "name": "Can view ingredient",
    "content_type": 11,
    "codename": "view_ingredient"
  }
},
{
  "model": "auth.permission",
  "pk": 141,
  "fields": {
    "name": "Can add ingredient substitutes",
    "content_type": 30,
    "codename": "add_ingredientsubstitutes"
  }
},
{
  "model": "auth.permission",
  "pk": 142,
  "fields": {
    "name": "Can change ingredient substitutes",
    "content_type": 30,
    "codename": "change_ingredientsubstitutes"
  }
},
{
  "model": "auth.permission",
  "pk": 143,
  "fields": {
    "name": "Can delete ingredient substitutes",
    "content_type": 30,
    "codename": "delete_ingredientsubstitutes"
  }
},
{
  "model": "auth.permission",
  "pk": 144,
  "fields": {
    "name": "Can view ingredient substitutes",
    "content_type": 30,
    "codename": "view_ingredientsubstitutes"
  }
},
{
  "model": "auth.permission",
  "pk": 145,
  "fields": {
    "name": "Can add recipe ingredient",
    "content_type": 31,
    "codename": "add_recipeingredient"
  }
},
{
  "model": "auth.permission",
  "pk": 146,
  "fields": {
    "name": "Can change recipe ingredient",
    "content_type": 31,
    "codename": "change_recipeingredient"
  }
},
{
  "model": "auth.permission",
  "pk": 147,
  "fields": {
    "name": "Can delete recipe ingredient",
    "content_type": 31,
    "codename": "delete_recipeingredient"
  }
},
{
  "model": "auth.permission",
  "pk": 148,
  "fields": {
    "name": "Can view recipe ingredient",
    "content_type": 31,
    "codename": "view_recipeingredient"
  }
},
{
  "model": "auth.permission",
  "pk": 149,
  "fields": {
    "name": "Can add recipe",
    "content_type": 32,
    "codename": "add_recipe"
  }
},
{
  "model": "auth.permission",
  "pk": 150,
  "fields": {
    "name": "Can change recipe",
    "content_type": 32,
    "codename": "change_recipe"
  }
},
{
  "model": "auth.permission",
  "pk": 151,
  "fields": {
    "name": "Can delete recipe",
    "content_type": 32,
    "codename": "delete_recipe"
  }
},
{
  "model": "auth.permission",
  "pk": 152,
  "fields": {
    "name": "Can view recipe",
    "content_type": 32,
    "codename": "view_recipe"
  }
},
{
  "model": "auth.permission",
  "pk": 153,
  "fields": {
    "name": "Can add substitute cooking method",
    "content_type": 33,
    "codename": "add_substitutecookingmethod"
  }
},
{
  "model": "auth.permission",
  "pk": 154,
  "fields": {
    "name": "Can change substitute cooking method",
    "content_type": 33,
    "codename": "change_substitutecookingmethod"
  }
},
{
  "model": "auth.permission",
  "pk": 155,
  "fields": {
    "name": "Can delete substitute cooking method",
    "content_type": 33,
    "codename": "delete_substitutecookingmethod"
  }
},
{
  "model": "auth.permission",
  "pk": 156,
  "fields": {
    "name": "Can view substitute cooking method",
    "content_type": 33,
    "codename": "view_substitutecookingmethod"
  }
},
{
  "model": "auth.permission",
  "pk": 157,
  "fields": {
    "name": "Can add cooking appliance",
    "content_type": 34,
    "codename": "add_cookingappliance"
  }
},
{
  "model": "auth.permission",
  "pk": 158,
  "fields": {
    "name": "Can change cooking appliance",
    "content_type": 34,
    "codename": "change_cookingappliance"
  }
},
{
  "model": "auth.permission",
  "pk": 159,
  "fields": {
    "name": "Can delete cooking appliance",
    "content_type": 34,
    "codename": "delete_cookingappliance"
  }
},
{
  "model": "auth.permission",
  "pk": 160,
  "fields": {
    "name": "Can view cooking appliance",
    "content_type": 34,
    "codename": "view_cookingappliance"
  }
},
{
  "model": "auth.permission",
  "pk": 161,
  "fields": {
    "name": "Can add location",
    "content_type": 35,
    "codename": "add_location"
  }
},
{
  "model": "auth.permission",
  "pk": 162,
  "fields": {
    "name": "Can change location",
    "content_type": 35,
    "codename": "change_location"
  }
},
{
  "model": "auth.permission",
  "pk": 163,
  "fields": {
    "name": "Can delete location",
    "content_type": 35,
    "codename": "delete_location"
  }
},
{
  "model": "auth.permission",
  "pk": 164,
  "fields": {
    "name": "Can view location",
    "content_type": 35,
    "codename": "view_location"
  }
},
{
  "model": "auth.permission",
  "pk": 165,
  "fields": {
    "name": "Can add timeofday",
    "content_type": 36,
    "codename": "add_timeofday"
  }
},
{
  "model": "auth.permission",
  "pk": 166,
  "fields": {
    "name": "Can change timeofday",
    "content_type": 36,
    "codename": "change_timeofday"
  }
},
{
  "model": "auth.permission",
  "pk": 167,
  "fields": {
    "name": "Can delete timeofday",
    "content_type": 36,
    "codename": "delete_timeofday"
  }
},
{
  "model": "auth.permission",
  "pk": 168,
  "fields": {
    "name": "Can view timeofday",
    "content_type": 36,
    "codename": "view_timeofday"
  }
},
{
  "model": "auth.permission",
  "pk": 169,
  "fields": {
    "name": "Can add recipe step",
    "content_type": 37,
    "codename": "add_recipestep"
  }
},
{
  "model": "auth.permission",
  "pk": 170,
  "fields": {
    "name": "Can change recipe step",
    "content_type": 37,
    "codename": "change_recipestep"
  }
},
{
  "model": "auth.permission",
  "pk": 171,
  "fields": {
    "name": "Can delete recipe step",
    "content_type": 37,
    "codename": "delete_recipestep"
  }
},
{
  "model": "auth.permission",
  "pk": 172,
  "fields": {
    "name": "Can view recipe step",
    "content_type": 37,
    "codename": "view_recipestep"
  }
},
{
  "model": "auth.permission",
  "pk": 173,
  "fields": {
    "name": "Can add cooking method",
    "content_type": 38,
    "codename": "add_cookingmethod"
  }
},
{
  "model": "auth.permission",
  "pk": 174,
  "fields": {
    "name": "Can change cooking method",
    "content_type": 38,
    "codename": "change_cookingmethod"
  }
},
{
  "model": "auth.permission",
  "pk": 175,
  "fields": {
    "name": "Can delete cooking method",
    "content_type": 38,
    "codename": "delete_cookingmethod"
  }
},
{
  "model": "auth.permission",
  "pk": 176,
  "fields": {
    "name": "Can view cooking method",
    "content_type": 38,
    "codename": "view_cookingmethod"
  }
},
{
  "model": "auth.permission",
  "pk": 177,
  "fields": {
    "name": "Can add ingredient",
    "content_type": 39,
    "codename": "add_ingredient"
  }
},
{
  "model": "auth.permission",
  "pk": 178,
  "fields": {
    "name": "Can change ingredient",
    "content_type": 39,
    "codename": "change_ingredient"
  }
},
{
  "model": "auth.permission",
  "pk": 179,
  "fields": {
    "name": "Can delete ingredient",
    "content_type": 39,
    "codename": "delete_ingredient"
  }
},
{
  "model": "auth.permission",
  "pk": 180,
  "fields": {
    "name": "Can view ingredient",
    "content_type": 39,
    "codename": "view_ingredient"
  }
},
{
  "model": "auth.permission",
  "pk": 181,
  "fields": {
    "name": "Can add ingredient substitutes",
    "content_type": 40,
    "codename": "add_ingredientsubstitutes"
  }
},
{
  "model": "auth.permission",
  "pk": 182,
  "fields": {
    "name": "Can change ingredient substitutes",
    "content_type": 40,
    "codename": "change_ingredientsubstitutes"
  }
},
{
  "model": "auth.permission",
  "pk": 183,
  "fields": {
    "name": "Can delete ingredient substitutes",
    "content_type": 40,
    "codename": "delete_ingredientsubstitutes"
  }
},
{
  "model": "auth.permission",
  "pk": 184,
  "fields": {
    "name": "Can view ingredient substitutes",
    "content_type": 40,
    "codename": "view_ingredientsubstitutes"
  }
},
{
  "model": "auth.permission",
  "pk": 185,
  "fields": {
    "name": "Can add recipe step2",
    "content_type": 41,
    "codename": "add_recipestep2"
  }
},
{
  "model": "auth.permission",
  "pk": 186,
  "fields": {
    "name": "Can change recipe step2",
    "content_type": 41,
    "codename": "change_recipestep2"
  }
},
{
  "model": "auth.permission",
  "pk": 187,
  "fields": {
    "name": "Can delete recipe step2",
    "content_type": 41,
    "codename": "delete_recipestep2"
  }
},
{
  "model": "auth.permission",
  "pk": 188,
  "fields": {
    "name": "Can view recipe step2",
    "content_type": 41,
    "codename": "view_recipestep2"
  }
},
{
  "model": "auth.permission",
  "pk": 189,
  "fields": {
    "name": "Can add nutrient",
    "content_type": 42,
    "codename": "add_nutrient"
  }
},
{
  "model": "auth.permission",
  "pk": 190,
  "fields": {
    "name": "Can change nutrient",
    "content_type": 42,
    "codename": "change_nutrient"
  }
},
{
  "model": "auth.permission",
  "pk": 191,
  "fields": {
    "name": "Can delete nutrient",
    "content_type": 42,
    "codename": "delete_nutrient"
  }
},
{
  "model": "auth.permission",
  "pk": 192,
  "fields": {
    "name": "Can view nutrient",
    "content_type": 42,
    "codename": "view_nutrient"
  }
},
{
  "model": "auth.permission",
  "pk": 193,
  "fields": {
    "name": "Can add ingredient substitute",
    "content_type": 30,
    "codename": "add_ingredientsubstitute"
  }
},
{
  "model": "auth.permission",
  "pk": 194,
  "fields": {
    "name": "Can change ingredient substitute",
    "content_type": 30,
    "codename": "change_ingredientsubstitute"
  }
},
{
  "model": "auth.permission",
  "pk": 195,
  "fields": {
    "name": "Can delete ingredient substitute",
    "content_type": 30,
    "codename": "delete_ingredientsubstitute"
  }
},
{
  "model": "auth.permission",
  "pk": 196,
  "fields": {
    "name": "Can view ingredient substitute",
    "content_type": 30,
    "codename": "view_ingredientsubstitute"
  }
},
{
  "model": "auth.user",
  "pk": 1,
  "fields": {
    "password": "pbkdf2_sha256$1000000$5Ai1Npyqcd7CK09OZMi5l4$0Jv43g/1SsWLWHP7KBuRUplT9twuKqCMQZ+YjQtP8p0=",
    "last_login": "2025-08-30T14:56:31.375Z",
    "is_superuser": true,
    "username": "admin",
    "first_name": "",
    "last_name": "",
    "email": "ecorecipes@gmail.com",
    "is_staff": true,
    "is_active": true,
    "date_joined": "2025-07-19T22:36:19Z",
    "groups": [],
    "user_permissions": []
  }
},
{
  "model": "auth.user",
  "pk": 2,
  "fields": {
    "password": "pbkdf2_sha256$1000000$0mMcY2yA3b3nqRcDFE1aod$jtdAcnVrhAKf8/SOYIotIfKl5SaHpOeobhWvi9EvIKE=",
    "last_login": "2025-08-20T22:56:20.055Z",
    "is_superuser": true,
    "username": "ecorecipes",
    "first_name": "",
    "last_name": "",
    "email": "ecorecipes@admin.com",
    "is_staff": true,
    "is_active": true,
    "date_joined": "2025-08-20T21:30:35.428Z",
    "groups": [],
    "user_permissions": []
  }
},
{
  "model": "auth.user",
  "pk": 3,
  "fields": {
    "password": "pbkdf2_sha256$1000000$vJUP3seGAb2KXKMpNkcfGQ$dxYQYqj0TcmoPUHl4PVkagwaX1WYY0GRHCm+rTJ1bm4=",
    "last_login": null,
    "is_superuser": true,
    "username": "EcoRecipes",
    "first_name": "",
    "last_name": "",
    "email": "EcoRecipes@gmail.com",
    "is_staff": true,
    "is_active": true,
    "date_joined": "2025-08-27T01:26:27.386Z",
    "groups": [],
    "user_permissions": []
  }
},
{
  "model": "contenttypes.contenttype",
  "pk": 1,
  "fields": {
    "app_label": "admin",
    "model": "logentry"
  }
},
{
  "model": "contenttypes.contenttype",
  "pk": 2,
  "fields": {
    "app_label": "auth",
    "model": "permission"
  }
},
{
  "model": "contenttypes.contenttype",
  "pk": 3,
  "fields": {
    "app_label": "auth",
    "model": "group"
  }
},
{
  "model": "contenttypes.contenttype",
  "pk": 4,
  "fields": {
    "app_label": "auth",
    "model": "user"
  }
},
{
  "model": "contenttypes.contenttype",
  "pk": 5,
  "fields": {
    "app_label": "contenttypes",
    "model": "contenttype"
  }
},
{
  "model": "contenttypes.contenttype",
  "pk": 6,
  "fields": {
    "app_label": "sessions",
    "model": "session"
  }
},
{
  "model": "contenttypes.contenttype",
  "pk": 7,
  "fields": {
    "app_label": "recipestepbystep",
    "model": "recipe"
  }
},
{
  "model": "contenttypes.contenttype",
  "pk": 8,
  "fields": {
    "app_label": "selectrecipe",
    "model": "gridanalysis"
  }
},
{
  "model": "contenttypes.contenttype",
  "pk": 9,
  "fields": {
    "app_label": "recipestepbystep",
    "model": "substitutions"
  }
},
{
  "model": "contenttypes.contenttype",
  "pk": 10,
  "fields": {
    "app_label": "recipestepbystep",
    "model": "sub_cookingmethod"
  }
},
{
  "model": "contenttypes.contenttype",
  "pk": 11,
  "fields": {
    "app_label": "recipestepbystep",
    "model": "ingredient"
  }
},
{
  "model": "contenttypes.contenttype",
  "pk": 12,
  "fields": {
    "app_label": "recipestepbystep",
    "model": "substitutecookingmethod"
  }
},
{
  "model": "contenttypes.contenttype",
  "pk": 13,
  "fields": {
    "app_label": "selectrecipe",
    "model": "gridanalysi"
  }
},
{
  "model": "contenttypes.contenttype",
  "pk": 14,
  "fields": {
    "app_label": "selectrecipe",
    "model": "emissions"
  }
},
{
  "model": "contenttypes.contenttype",
  "pk": 15,
  "fields": {
    "app_label": "selectrecipe",
    "model": "nutrition"
  }
},
{
  "model": "contenttypes.contenttype",
  "pk": 16,
  "fields": {
    "app_label": "selectrecipe",
    "model": "location"
  }
},
{
  "model": "contenttypes.contenttype",
  "pk": 17,
  "fields": {
    "app_label": "recipestepbystep",
    "model": "cookingappliance"
  }
},
{
  "model": "contenttypes.contenttype",
  "pk": 18,
  "fields": {
    "app_label": "recipestepbystep",
    "model": "cookingmethod"
  }
},
{
  "model": "contenttypes.contenttype",
  "pk": 19,
  "fields": {
    "app_label": "recipestepbystep",
    "model": "dietoption"
  }
},
{
  "model": "contenttypes.contenttype",
  "pk": 20,
  "fields": {
    "app_label": "recipestepbystep",
    "model": "emissions"
  }
},
{
  "model": "contenttypes.contenttype",
  "pk": 21,
  "fields": {
    "app_label": "recipestepbystep",
    "model": "gridanalysi"
  }
},
{
  "model": "contenttypes.contenttype",
  "pk": 22,
  "fields": {
    "app_label": "recipestepbystep",
    "model": "location"
  }
},
{
  "model": "contenttypes.contenttype",
  "pk": 23,
  "fields": {
    "app_label": "recipestepbystep",
    "model": "nutrition"
  }
},
{
  "model": "contenttypes.contenttype",
  "pk": 24,
  "fields": {
    "app_label": "recipestepbystep",
    "model": "recipestep"
  }
},
{
  "model": "contenttypes.contenttype",
  "pk": 25,
  "fields": {
    "app_label": "recipestepbystep",
    "model": "timeofday"
  }
},
{
  "model": "contenttypes.contenttype",
  "pk": 26,
  "fields": {
    "app_label": "admin_tools_stats",
    "model": "dashboardstats"
  }
},
{
  "model": "contenttypes.contenttype",
  "pk": 27,
  "fields": {
    "app_label": "admin_tools_stats",
    "model": "dashboardstatscriteria"
  }
},
{
  "model": "contenttypes.contenttype",
  "pk": 28,
  "fields": {
    "app_label": "admin_tools_stats",
    "model": "criteriatostatsm2m"
  }
},
{
  "model": "contenttypes.contenttype",
  "pk": 29,
  "fields": {
    "app_label": "admin_tools_stats",
    "model": "cachedvalue"
  }
},
{
  "model": "contenttypes.contenttype",
  "pk": 30,
  "fields": {
    "app_label": "recipestepbystep",
    "model": "ingredientsubstitute"
  }
},
{
  "model": "contenttypes.contenttype",
  "pk": 31,
  "fields": {
    "app_label": "recipestepbystep",
    "model": "recipeingredient"
  }
},
{
  "model": "contenttypes.contenttype",
  "pk": 32,
  "fields": {
    "app_label": "recipeanalyser",
    "model": "recipe"
  }
},
{
  "model": "contenttypes.contenttype",
  "pk": 33,
  "fields": {
    "app_label": "recipeanalyser",
    "model": "substitutecookingmethod"
  }
},
{
  "model": "contenttypes.contenttype",
  "pk": 34,
  "fields": {
    "app_label": "recipeanalyser",
    "model": "cookingappliance"
  }
},
{
  "model": "contenttypes.contenttype",
  "pk": 35,
  "fields": {
    "app_label": "recipeanalyser",
    "model": "location"
  }
},
{
  "model": "contenttypes.contenttype",
  "pk": 36,
  "fields": {
    "app_label": "recipeanalyser",
    "model": "timeofday"
  }
},
{
  "model": "contenttypes.contenttype",
  "pk": 37,
  "fields": {
    "app_label": "recipeanalyser",
    "model": "recipestep"
  }
},
{
  "model": "contenttypes.contenttype",
  "pk": 38,
  "fields": {
    "app_label": "recipeanalyser",
    "model": "cookingmethod"
  }
},
{
  "model": "contenttypes.contenttype",
  "pk": 39,
  "fields": {
    "app_label": "recipeanalyser",
    "model": "ingredient"
  }
},
{
  "model": "contenttypes.contenttype",
  "pk": 40,
  "fields": {
    "app_label": "recipeanalyser",
    "model": "ingredientsubstitutes"
  }
},
{
  "model": "contenttypes.contenttype",
  "pk": 41,
  "fields": {
    "app_label": "recipestepbystep",
    "model": "recipestep2"
  }
},
{
  "model": "contenttypes.contenttype",
  "pk": 42,
  "fields": {
    "app_label": "recipestepbystep",
    "model": "nutrient"
  }
},
{
  "model": "sessions.session",
  "pk": "0i4ya6die84wqsw0ufbhz1kc745e0xiz",
  "fields": {
    "session_data": ".eJxNjcEKwzAMQ_9F515WVgb5mRBiZRjcpDTZYZT9-0x76UlGT5YOlI9Z7DTmoa1GaZUIJVnnhMumxJ1ZN0YVBDwwQet7pyjrcLRZylz97ggHFo_MHnm5PvG7lVjL6dw4axbc0NCVrUj6Xmz2xz9ywDSz:1ur1J2:Zm1DW-SlPyz_CUkkcFdiF32eQZXuVbW6GP8dX6CB5Mc",
    "expire_date": "2025-09-09T21:34:16.715Z"
  }
},
{
  "model": "sessions.session",
  "pk": "3a94o1lx2r9cj7q0cyiewuank9hgzm8e",
  "fields": {
    "session_data": ".eJxNzEEKhTAMhOG7ZF1ERTdeppR2lEDbSJuNiHc34OK9zTDwwX9TR0ZUJN8Q-YTnRBtN5Ijr0ZAYVY3OHCKK_U7b_TiSxgfXkL2K2qJw7yzVdBrnYXS_bJYY1OgLr_RHygWyp3B9Ni_0vNNaM0s:1uqyLi:s0ta_OiJItkgASL7jfdthZPUP1mrUyPZSVtjnVgAzB8",
    "expire_date": "2025-09-09T18:24:50.649Z"
  }
},
{
  "model": "sessions.session",
  "pk": "3q1l6xjxe8bdnwknzlp6j6bwzwwwn7le",
  "fields": {
    "session_data": ".eJxNjUEKxCAQBP8yZ1myISc_I6JtGBidoOYQQv6-kuwhl6bpguqT0i7iGgShsxYXtYBs8tJg6JkRXUXgDY4jWZrJEJe1IjJKH2gTH5BHb2TPy5BWXrl4cV37SGRubagH_U7zZ3ppRYO_X2_xQi_UOUNT9Mf_dKHrB2WzPd0:1uqyiB:PMlemPea8fTKdMGLjUTNTiWJPAw7YQOPudjoDCPb_Pc",
    "expire_date": "2025-09-09T18:48:03.827Z"
  }
},
{
  "model": "sessions.session",
  "pk": "3zcgyh5vqsyukoobm3558n7gc40cw29f",
  "fields": {
    "session_data": ".eJxVj81uwyAQhN-Fc2TxZ7vOsfc-g7WGwabFEAE5VFHevViJUuWyWs03O7t7YwUBpsLOGcZfMHvLzkywE5vpWrf5WpAfmnzXFjI_iAew3xTX1JkUa_ZLd1i6Jy3dV7IIn0_vW8BGZTtixai4kL1RRHpanFSD05xDE0zTP2Sv3IhFu15oDcLAMU5iGgSUHKB0C329EJKh6lP8P_iFqt-RnKXfB-sb83HNsB6xtt8vgQz21hd2vjV8jN9PLGW_-khhrqm2it2X0hY0k-Cy4_c_JTxqbg:1urRM1:mlSd0f3iiIMT7p-Ni4W4RxQAYnzgTly9_1ebF8HQ9dw",
    "expire_date": "2025-09-11T01:23:05.799Z"
  }
},
{
  "model": "sessions.session",
  "pk": "5500wfaih11a7mqk8cnqf8hfxa6guy8m",
  "fields": {
    "session_data": ".eJxNzDEKgDAQRNG7bB1ExcrLhJCMspBkJdlGxLu7YKHNMPDgX9SRERXJN0Q-4DnRShM54ro3JEZVoyOHiGK_03rdjqTxzjVkr6K2KNw7SzWdxnkY3ZfNEoMaveGFfqRcIFsK52vzQvcD0zozSg:1uqyMD:73MYUMOQdEIQHEbei30hY_owps-8WYp-oN7joVm8aFw",
    "expire_date": "2025-09-09T18:25:21.729Z"
  }
},
{
  "model": "sessions.session",
  "pk": "5xa9kagovrpi7xjqku3je6zg8kc9x03t",
  "fields": {
    "session_data": ".eJxVjDsOwjAQRO_iGllO_NtQ0ucM1q4_OIBsKU4qxN1xpBTQTPHezLyZw33Lbm9xdUtgVzawyy8j9M9YDhEeWO6V-1q2dSF-VPhpG59riK_b2f07yNhyXwtvwEskiXqUApSnBIgwJSWs9iqFftVzsKJjCgCGBFmalB6NsVazzxf5czgw:1uoqWt:Lejuz2X13LzbRd_M0HKGtb1ynAY1CH6Z53WrMMxdLqU",
    "expire_date": "2025-09-03T21:39:35.830Z"
  }
},
{
  "model": "sessions.session",
  "pk": "80mokwm7n7g0t3w9bw0q9sdnsfkbnmpn",
  "fields": {
    "session_data": "eyJzZWxlY3RlZF9yZWNpcGVfaWQiOiIyIiwiaW5ncmVkaWVudF9yZXBsYWNlbWVudHMiOnt9fQ:1ut2jB:lTYmyjS2hT3YbsYtOXgiKmdze-CPf-sN97lNwDBPc7c",
    "expire_date": "2025-09-15T11:29:37.924Z"
  }
},
{
  "model": "sessions.session",
  "pk": "916uanbj2y97soqpuwwucgb066dbagx7",
  "fields": {
    "session_data": ".eJxNyzsKwCAQRdG9TG2TQBo3E2TmJQz4Q22CuPcIFkl34XA7VXhwg5wFrBmnClnayJDGu0AUsU3K3jHC7Eq2D_NdPrFrmuL6DvpR04B0iXuW7TRersgnaw:1utasD:KsI7obLtgQKQVGZLYwIl-OgFjqpNtlRQpxW_t4hFHZs",
    "expire_date": "2025-09-16T23:57:13.611Z"
  }
},
{
  "model": "sessions.session",
  "pk": "b3urkszvubgscgjfnjucufh5asm5vg2r",
  "fields": {
    "session_data": ".eJxNjcEKxCAQQ_8lZ1la2V78GRGdloHRKWoPS-m_r7SXXkLIC8mJ9RDxjYRiZy0-aSG4NUgjgyem5CtF3slzgsMMAy5bpcRU-kC7hEh5-AZ3YhkVi8tAK29cgviufShlbm08jNI82c_0WheN4T6_9xe8UOdMuqbwe5j94voDpZE_Bg:1uqyu0:ThM_JLXXHDWxYDHpaevNC9F81Jb41uhAQoPcsKnQvNU",
    "expire_date": "2025-09-09T19:00:16.645Z"
  }
},
{
  "model": "sessions.session",
  "pk": "bcojf9rrc6s0200zkspzea9p11ozgjde",
  "fields": {
    "session_data": ".eJxNjDsKgDAUBO-ytY0aEXIZCckqD_IRTSOSu_vAQqtdmGFunIz0lWE56GXnIgEWPTpI3g4GYa6K9ug8k_4T9sakyqDKrGvQui8Si3dVSn4zBj9UJbGswV0vG0a0B57wKh8:1ut38O:iqRfYXymuq2F1iuZj64y8bi5dRN7Tn7MmaqD1FD7AyY",
    "expire_date": "2025-09-15T11:55:40.545Z"
  }
},
{
  "model": "sessions.session",
  "pk": "dry2g4ekkn2e8dlap4h0ot7xr9d8risq",
  "fields": {
    "session_data": ".eJxVjEsOwiAUAO_C2hA-DxCX7nsG8oCHVA1NSrsy3l1JutDtzGReLOC-1bB3WsOc2YUpdvplEdOD2hD5ju228LS0bZ0jHwk_bOfTkul5Pdq_QcVex1Y6LaQySSOCj0VpW0AIAqT05WdldHEUoRgJQEhWkPPSW0laWdLA3h_Bkjb7:1uoqaN:C7jKLL8ZOgiHbc970lQ5KWrEHyCqNrbCtSqaJhkhQyA",
    "expire_date": "2025-09-03T21:43:11.357Z"
  }
},
{
  "model": "sessions.session",
  "pk": "e8lcd6w3o3tolj9fi8p35l67g6be2f8n",
  "fields": {
    "session_data": ".eJxVjssOgjAQRf-la0MK9IVL934DmU6nUkVqoCyM8d8tARPYzOKee0_mw1qYU9fOE41tcOzMSnbaZxbwQcMC3B2GWywwDmkMtlgqxUan4hod9ZetexB0MHV5zVEZrMHWIKuaG4HWGwDTeMG1ROFdVuVbap5j64xRllttGyErpbSWWTpRT5jItSNheNH6brUHKTwpegfvlR1GfURIIQ5_9P0B5qtTpQ:1ugOjb:Pf6bijlSY6poujKiQChHOzyDKB1GVrIuAFGkWzm8vZE",
    "expire_date": "2025-08-11T14:21:47.221Z"
  }
},
{
  "model": "sessions.session",
  "pk": "i6kxa8smqehp67pywdipvnn186h60kwy",
  "fields": {
    "session_data": ".eJxFyzsKwCAQRdG9TG2TKuBmRGZewoA_1CaIe48QiN2Fwx3UEMAd4ipYC5wKWTrIkKa7QhSpLyrBM-LqRnZMs6-Q2XfNaX8_dY3Il_jns5PmC65bJ2w:1utak6:bbPYiFlKwJGhCK5Nv2OmJ_4qrt4y3QUHzn1tswPQJ4Y",
    "expire_date": "2025-09-16T23:48:50.070Z"
  }
},
{
  "model": "sessions.session",
  "pk": "je43ekzf5vivnx7b9og1d4981nv3xbcc",
  "fields": {
    "session_data": ".eJxVjEsOwiAUAO_C2hA-DxCX7nsG8oCHVA1NSrsy3l1JutDtzGReLOC-1bB3WsOc2YUpdvplEdOD2hD5ju228LS0bZ0jHwk_bOfTkul5Pdq_QcVex1Y6LaQySSOCj0VpW0AIAqT05WdldHEUoRgJQEhWkPPSW0laWdLA3h_Bkjb7:1uorOy:QQJoN00VKgElAV-eMc-t1aLOb-4hzujN5YovzxDOAio",
    "expire_date": "2025-09-03T22:35:28.526Z"
  }
},
{
  "model": "sessions.session",
  "pk": "mj761ydma9ggtuuebtn5zebq7emqucvv",
  "fields": {
    "session_data": ".eJxVjsEKwyAQRP9lzxJimlzyM2J1mi4YDeqlhPx7twjF3BbezOw7qSDAVXiT4fiAYU8raVLEccvwjFgFHcE67HIXWs9LUU3VBnMgux93bxs30DoqSpk3jsJaAjuXwilKTY_TIIH_v5CcrYLax4U6VHlHenn7aWyaBT6tYI4wLSVFMaFOWiu6TS5ieduZ5m6lF9OPYbyuLyr2XjY:1uqxox:IT5U2aXwUQYBgXaNLt8eict972ePK7Wmy4W9yCr4zsU",
    "expire_date": "2025-09-09T17:50:59.727Z"
  }
},
{
  "model": "sessions.session",
  "pk": "mm1nsycm15p9zml5yj4mt9ri2vps0ub1",
  "fields": {
    "session_data": ".eJxNyzEKgDAQRNG7TG1j0MbLSNiMshCTkGwj4t0NWGg38OZfaIwUY1grRQtXDVgwYoCmvTIok3Uq0QuPvhuWC3O_ONzDF8cs3jSnN5_xI9ODeQv-fM1NuB-mICjI:1ut2eA:ZlN7n6ZGVkbDis3ykHka3AVc68U0LqiyMbYdJ1XflTI",
    "expire_date": "2025-09-15T11:24:26.227Z"
  }
},
{
  "model": "sessions.session",
  "pk": "n0frimq4lfhngeauaf8hyy4att9g0pfw",
  "fields": {
    "session_data": ".eJwNikEKwCAQxP4yZymtvfUzIjrIgtXiehP_3r2EQLKgrEyTOQwm-Rgk44GHg7QymIVtWvpqTHzNFc_CbcuN7dCHFGmxhtmnka-oSm82Xac_zv0DViEhOg:1uqyDV:gsPUXI7jOg8znyzIlXYGbMKWlBbbvPbjoA33GpSmHJY",
    "expire_date": "2025-09-09T18:16:21.677Z"
  }
},
{
  "model": "sessions.session",
  "pk": "od7mvkdvmkuvusclvnge3tb6hj1l0p12",
  "fields": {
    "session_data": ".eJxNzcsKAyEMheF3yVrKdNqVLyMST23AG-qmDPPuzeCi3YQDH_w5aCCBJ4LrYGlwEsjSToakxI4gKFOpJc_IugfZ4zRUu0QpPrlZp15kGUNqUb1v-20zv2yq7KfSCj_pj6Zk1Ffwn2UPtZVr6Hz95bcvEWS38wsT2Dwr:1uqudp:dUU1W8HKmWhRIV-bRXapwCurABjOgFnEuAUiryHppII",
    "expire_date": "2025-09-09T14:27:17.800Z"
  }
},
{
  "model": "sessions.session",
  "pk": "s75h6qayns9lek9b60n4tkyptupn3i80",
  "fields": {
    "session_data": ".eJyrVipOzUlNLklNiS9KTc4sSI3PTFGyUjJS0kFIlGTmpuanpSRWQuQMjZElc_KTE0sy8_Ogckq1ALXMHG0:1upPRk:5C7saJyUEeA04NVKmP5d-eJ61ft2cKH0h0fpwv4RFGk",
    "expire_date": "2025-09-05T10:56:36.409Z"
  }
},
{
  "model": "sessions.session",
  "pk": "tw1uanmiiqguq7a3mllfbs65cm8r0xwd",
  "fields": {
    "session_data": "eyJzZWxlY3RlZF9yZWNpcGVfaWQiOiIyIiwiaW5ncmVkaWVudF9yZXBsYWNlbWVudHMiOnt9fQ:1ut2HM:7WLP3G2XCiB8CGDIfSCJOnvUUAJQD-slALMDYj6lz-A",
    "expire_date": "2025-09-15T11:00:52.165Z"
  }
},
{
  "model": "sessions.session",
  "pk": "veaog4tk1shood8enud5edr2biqpooqf",
  "fields": {
    "session_data": ".eJyrVipOzUlNLklNic_JT04syczPi89MUbJSMlTSQUiVZOam5qelJFbC5GoBR8oTzg:1ur4bf:LDVGxBMdW_6OVy6qv0ju6DbAwcGAAU0-A8dA6f-1Ric",
    "expire_date": "2025-09-10T01:05:43.466Z"
  }
},
{
  "model": "sessions.session",
  "pk": "wr5vm30m7vqlegoaikdis0y9tvyqssz8",
  "fields": {
    "session_data": ".eJxNyzsKwCAQRdG9TG2TkDRuRmR8CQP-UJsg7j2CRdJdONxOFR7c4EwBS4YRR5o2UiTxLnCC2CZlbxlhdiXdh_oun9g2SXF9J_2oSUC6nH2W7QeNF9YwJ58:1ut2IJ:waoEgSudKF7T900Uk24oA4AzkC7ydxGieahW3h4YSbs",
    "expire_date": "2025-09-15T11:01:51.821Z"
  }
},
{
  "model": "sessions.session",
  "pk": "wzqug768oq5g5cf3gb4h67ge7biw3ja9",
  "fields": {
    "session_data": ".eJxVjEsOwiAUAO_C2hA-DxCX7nsG8oCHVA1NSrsy3l1JutDtzGReLOC-1bB3WsOc2YUpdvplEdOD2hD5ju228LS0bZ0jHwk_bOfTkul5Pdq_QcVex1Y6LaQySSOCj0VpW0AIAqT05WdldHEUoRgJQEhWkPPSW0laWdLA3h_Bkjb7:1uorOq:Pz0CujCD_qGzCv0nrpNkJ-0flTBvU_zS7rmgFzyebfc",
    "expire_date": "2025-09-03T22:35:20.033Z"
  }
},
{
  "model": "sessions.session",
  "pk": "xjdxfy29ondocimuhdrz7vmi67wyggkd",
  "fields": {
    "session_data": ".eJxVjsFuwyAMht-F8xTRhASa4-59BmSM07ARqIAcpqrvPlettOxiWf_n_5PvwsLeVrtXKjZ4MYuT-DhmDvCb0hP4L0jX3GFOrQTXPU-6N63dJXuKn-_bf4IV6sptiZPBAdwAYz9Io9AtBsCcFyX1iGrxrOJ50pJj542ZnHTandXYT5PWI0srRcJG3hbCcKO_d0O6FvKBUmN0i4C08V7FfH8cWjEjtJDTq6eOwhY2youHnxfrB4YtN4j2oKYt1Mr9anEvhRMxy8cvQs5uIQ:1utbGx:17nRPhsdSHe_BZYge1b5sBgRNxq0pLNeTpYszX5tXwQ",
    "expire_date": "2025-09-17T00:22:47.241Z"
  }
},
{
  "model": "sessions.session",
  "pk": "z63t7nejpthg4r7a6xwblwsdpd53kcs5",
  "fields": {
    "session_data": ".eJxtzE0KwjAYhOG7ZC2l-WlqXbr3DOFLMrHR2kiTLkS8uy0WRHA7z_A-WcYAV-DNBBfvMNGzA-Ns94UhOSoxjX-oxBtS8PT4mFjM0Fx6M2dMfzdL7opxBX-h8Zwql8YyRVutl2rTXJ2Sx3Dcvj-BnnK_Znkray4aJ4lUZ4OQOqi6hiK4Zd-LRoYWVoWGKwWCrtF2vNMcUmhIxV5vk8lSaA:1uoqOW:4-riTpnH7w0DSXEmrimbygQG7sc_QiRpHeSI4x-yyME",
    "expire_date": "2025-09-03T21:30:56.539Z"
  }
},
{
  "model": "recipestepbystep.cookingappliance",
  "pk": 1,
  "fields": {
    "name": "gas cooker",
    "CO2": 3200.0
  }
},
{
  "model": "recipestepbystep.cookingappliance",
  "pk": 2,
  "fields": {
    "name": "electric cooker",
    "CO2": 230.0
  }
},
{
  "model": "recipestepbystep.cookingappliance",
  "pk": 3,
  "fields": {
    "name": "gas oven",
    "CO2": 5.0
  }
},
{
  "model": "recipestepbystep.cookingappliance",
  "pk": 4,
  "fields": {
    "name": "electric oven",
    "CO2": 5.0
  }
},
{
  "model": "recipestepbystep.cookingappliance",
  "pk": 5,
  "fields": {
    "name": "electric fryer",
    "CO2": 7.0
  }
},
{
  "model": "recipestepbystep.cookingmethod",
  "pk": 1,
  "fields": {
    "name": "boiling",
    "CO2": 0.0,
    "nutrition_loss": 0.0
  }
},
{
  "model": "recipestepbystep.cookingmethod",
  "pk": 2,
  "fields": {
    "name": "frying",
    "CO2": 0.0,
    "nutrition_loss": 0.0
  }
},
{
  "model": "recipestepbystep.cookingmethod",
  "pk": 3,
  "fields": {
    "name": "roasting",
    "CO2": 0.0,
    "nutrition_loss": 0.0
  }
},
{
  "model": "recipestepbystep.cookingmethod",
  "pk": 4,
  "fields": {
    "name": "simmering",
    "CO2": 0.0,
    "nutrition_loss": 0.0
  }
},
{
  "model": "recipestepbystep.nutrient",
  "pk": 1,
  "fields": {
    "name": "Vitamin K",
    "value": 5.0
  }
},
{
  "model": "recipestepbystep.nutrient",
  "pk": 2,
  "fields": {
    "name": "Vitamin B",
    "value": 3.0
  }
},
{
  "model": "recipestepbystep.nutrient",
  "pk": 3,
  "fields": {
    "name": "Vitamin C",
    "value": 7.0
  }
},
{
  "model": "recipestepbystep.ingredientsubstitute",
  "pk": 1,
  "fields": {
    "name": "soybean",
    "nutritional_value_key": "high",
    "nutritional_value": 6.0,
    "emissions_key": "low",
    "emissions": 16.0
  }
},
{
  "model": "recipestepbystep.ingredientsubstitute",
  "pk": 2,
  "fields": {
    "name": "chicken",
    "nutritional_value_key": "high",
    "nutritional_value": 1.0,
    "emissions_key": "medium",
    "emissions": 20.0
  }
},
{
  "model": "recipestepbystep.ingredientsubstitute",
  "pk": 3,
  "fields": {
    "name": "brown bread",
    "nutritional_value_key": "high",
    "nutritional_value": 0.0,
    "emissions_key": "low",
    "emissions": 9.0
  }
},
{
  "model": "recipestepbystep.ingredientsubstitute",
  "pk": 4,
  "fields": {
    "name": "sunflower oil",
    "nutritional_value_key": "medium",
    "nutritional_value": 0.0,
    "emissions_key": "medium",
    "emissions": 15.0
  }
},
{
  "model": "recipestepbystep.ingredientsubstitute",
  "pk": 5,
  "fields": {
    "name": "vegetable oil",
    "nutritional_value_key": "high",
    "nutritional_value": 4.0,
    "emissions_key": "high",
    "emissions": 20.0
  }
},
{
  "model": "recipestepbystep.ingredientsubstitute",
  "pk": 6,
  "fields": {
    "name": "haddock",
    "nutritional_value_key": "medium",
    "nutritional_value": 4.0,
    "emissions_key": "medium",
    "emissions": 2.0
  }
},
{
  "model": "recipestepbystep.ingredientsubstitute",
  "pk": 7,
  "fields": {
    "name": "Tofu",
    "nutritional_value_key": "high",
    "nutritional_value": 0.0,
    "emissions_key": "low",
    "emissions": 7.0
  }
},
{
  "model": "recipestepbystep.ingredient",
  "pk": 1,
  "fields": {
    "name": "beef",
    "nutritional_value_key": "high",
    "nutritional_value": 56.0,
    "emissions_key": "high",
    "emissions": 150.0,
    "substitutes": [
      1,
      2
    ]
  }
},
{
  "model": "recipestepbystep.ingredient",
  "pk": 2,
  "fields": {
    "name": "flat mushroom",
    "nutritional_value_key": "high",
    "nutritional_value": 50.0,
    "emissions_key": "low",
    "emissions": 35.0,
    "substitutes": []
  }
},
{
  "model": "recipestepbystep.ingredient",
  "pk": 3,
  "fields": {
    "name": "white bread slice",
    "nutritional_value_key": "low",
    "nutritional_value": 5.0,
    "emissions_key": "medium",
    "emissions": 50.0,
    "substitutes": [
      3
    ]
  }
},
{
  "model": "recipestepbystep.ingredient",
  "pk": 4,
  "fields": {
    "name": "sausage",
    "nutritional_value_key": "high",
    "nutritional_value": 10.0,
    "emissions_key": "high",
    "emissions": 50.0,
    "substitutes": [
      1
    ]
  }
},
{
  "model": "recipestepbystep.ingredient",
  "pk": 5,
  "fields": {
    "name": "fish",
    "nutritional_value_key": "high",
    "nutritional_value": 65.0,
    "emissions_key": "medium",
    "emissions": 42.0,
    "substitutes": [
      2
    ]
  }
},
{
  "model": "recipestepbystep.ingredient",
  "pk": 6,
  "fields": {
    "name": "chips",
    "nutritional_value_key": "low",
    "nutritional_value": 11.0,
    "emissions_key": "medium",
    "emissions": 40.0,
    "substitutes": []
  }
},
{
  "model": "recipestepbystep.ingredient",
  "pk": 7,
  "fields": {
    "name": "vegetable oil",
    "nutritional_value_key": "none",
    "nutritional_value": 0.0,
    "emissions_key": "none",
    "emissions": 20.0,
    "substitutes": [
      4
    ]
  }
},
{
  "model": "recipestepbystep.ingredient",
  "pk": 8,
  "fields": {
    "name": "flour",
    "nutritional_value_key": "none",
    "nutritional_value": 0.0,
    "emissions_key": "none",
    "emissions": 0.0,
    "substitutes": []
  }
},
{
  "model": "recipestepbystep.ingredient",
  "pk": 9,
  "fields": {
    "name": "baking powder",
    "nutritional_value_key": "none",
    "nutritional_value": 0.0,
    "emissions_key": "none",
    "emissions": 0.0,
    "substitutes": []
  }
},
{
  "model": "recipestepbystep.ingredient",
  "pk": 10,
  "fields": {
    "name": "potato",
    "nutritional_value_key": "medium",
    "nutritional_value": 6.0,
    "emissions_key": "low",
    "emissions": 15.0,
    "substitutes": []
  }
},
{
  "model": "recipestepbystep.ingredient",
  "pk": 11,
  "fields": {
    "name": "milk",
    "nutritional_value_key": "none",
    "nutritional_value": 0.0,
    "emissions_key": "none",
    "emissions": 0.0,
    "substitutes": []
  }
},
{
  "model": "recipestepbystep.ingredient",
  "pk": 12,
  "fields": {
    "name": "beef dripping",
    "nutritional_value_key": "low",
    "nutritional_value": 3.0,
    "emissions_key": "high",
    "emissions": 60.0,
    "substitutes": [
      4
    ]
  }
},
{
  "model": "recipestepbystep.ingredient",
  "pk": 13,
  "fields": {
    "name": "cod",
    "nutritional_value_key": "medium",
    "nutritional_value": 4.0,
    "emissions_key": "medium",
    "emissions": 3.0,
    "substitutes": [
      6
    ]
  }
},
{
  "model": "recipestepbystep.ingredient",
  "pk": 14,
  "fields": {
    "name": "self raising flour",
    "nutritional_value_key": "low",
    "nutritional_value": 4.0,
    "emissions_key": "low",
    "emissions": 5.0,
    "substitutes": []
  }
},
{
  "model": "recipestepbystep.ingredient",
  "pk": 15,
  "fields": {
    "name": "salt",
    "nutritional_value_key": "none",
    "nutritional_value": 0.0,
    "emissions_key": "none",
    "emissions": 0.0,
    "substitutes": []
  }
},
{
  "model": "recipestepbystep.ingredient",
  "pk": 16,
  "fields": {
    "name": "black pepper",
    "nutritional_value_key": "none",
    "nutritional_value": 0.0,
    "emissions_key": "none",
    "emissions": 0.0,
    "substitutes": []
  }
},
{
  "model": "recipestepbystep.ingredient",
  "pk": 17,
  "fields": {
    "name": "lager",
    "nutritional_value_key": "none",
    "nutritional_value": 0.0,
    "emissions_key": "none",
    "emissions": 15.0,
    "substitutes": []
  }
},
{
  "model": "recipestepbystep.ingredient",
  "pk": 18,
  "fields": {
    "name": "bacon",
    "nutritional_value_key": "medium",
    "nutritional_value": 0.0,
    "emissions_key": "high",
    "emissions": 42.0,
    "substitutes": [
      7
    ]
  }
},
{
  "model": "recipestepbystep.ingredient",
  "pk": 19,
  "fields": {
    "name": "egg",
    "nutritional_value_key": "high",
    "nutritional_value": 0.0,
    "emissions_key": "medium",
    "emissions": 7.0,
    "substitutes": []
  }
},
{
  "model": "recipestepbystep.ingredient",
  "pk": 20,
  "fields": {
    "name": "tomato",
    "nutritional_value_key": "high",
    "nutritional_value": 0.0,
    "emissions_key": "low",
    "emissions": 5.0,
    "substitutes": []
  }
},
{
  "model": "recipestepbystep.ingredient",
  "pk": 21,
  "fields": {
    "name": "white bread",
    "nutritional_value_key": "low",
    "nutritional_value": 0.0,
    "emissions_key": "medium",
    "emissions": 25.0,
    "substitutes": [
      3
    ]
  }
},
{
  "model": "recipestepbystep.ingredient",
  "pk": 22,
  "fields": {
    "name": "black pudding",
    "nutritional_value_key": "medium",
    "nutritional_value": 0.0,
    "emissions_key": "low",
    "emissions": 16.0,
    "substitutes": []
  }
},
{
  "model": "recipestepbystep.ingredient",
  "pk": 23,
  "fields": {
    "name": "olive oil",
    "nutritional_value_key": "high",
    "nutritional_value": 0.0,
    "emissions_key": "medium",
    "emissions": 10.0,
    "substitutes": []
  }
},
{
  "model": "recipestepbystep.recipe",
  "pk": 1,
  "fields": {
    "name": "Fish And Chips",
    "cooking_time_minutes": 15.0,
    "cooking_method": "frying",
    "serving_size": 2,
    "image_url": "https://storage.needpix.com/rsynced_images/food-3687804_1280.jpg",
    "foodtags": "vegetarian",
    "emissions_key": "low",
    "nutritional_value_key": "low",
    "ingredients": [
      10,
      12,
      13,
      14,
      15,
      16,
      17
    ]
  }
},
{
  "model": "recipestepbystep.recipe",
  "pk": 2,
  "fields": {
    "name": "English Breakfast",
    "cooking_time_minutes": 30.0,
    "cooking_method": "---",
    "serving_size": 1,
    "image_url": "https://ichef.bbci.co.uk/food/ic/food_16x9_1600/recipes/stressfreefullenglis_67721_16x9.jpg",
    "foodtags": "Dairy-free, Nut-free, Pregnancy-friendly",
    "emissions_key": "low",
    "nutritional_value_key": "high",
    "ingredients": [
      2,
      4,
      18,
      19,
      20,
      21,
      22,
      23
    ]
  }
},
{
  "model": "recipestepbystep.recipestep",
  "pk": 1,
  "fields": {
    "recipe": 1,
    "order": 2,
    "content": "For the chips, peel the potatoes and cut into whatever size you prefer. Wash well in cold water, drain and pat dry with a clean tea towel. Put the potatoes into the fryer and allow them to fry gently for about 8-10 minutes, until they are soft but still pale. Check they're cooked by piercing with a small, sharp knife. Lift out of the pan and leave to cool slightly on greaseproof paper.",
    "cooking_appliance": 5,
    "cooking_method": 2,
    "nutrients": null,
    "ventilation": 0
  }
},
{
  "model": "recipestepbystep.recipestep",
  "pk": 2,
  "fields": {
    "recipe": 1,
    "order": 1,
    "content": "Preheat the oven to 150C/300F/Gas 2 and preheat the dripping or oil to 120C/250F",
    "cooking_appliance": 3,
    "cooking_method": null,
    "nutrients": null,
    "ventilation": 0
  }
},
{
  "model": "recipestepbystep.recipestep",
  "pk": 3,
  "fields": {
    "recipe": 2,
    "order": 1,
    "content": "Heat the flat grill plate over a low heat, on top of 2 rings/flames if it fits, and brush sparingly with light olive oil.",
    "cooking_appliance": null,
    "cooking_method": null,
    "nutrients": null,
    "ventilation": 0
  }
},
{
  "model": "recipestepbystep.recipestep",
  "pk": 4,
  "fields": {
    "recipe": 1,
    "order": 3,
    "content": "Increase the heat of the fryer to 180C/350F.",
    "cooking_appliance": 5,
    "cooking_method": null,
    "nutrients": null,
    "ventilation": 1
  }
},
{
  "model": "recipestepbystep.recipestep",
  "pk": 5,
  "fields": {
    "recipe": 1,
    "order": 4,
    "content": "Season the fish and dust lightly with flour; this enables the batter to stick to the fish.",
    "cooking_appliance": null,
    "cooking_method": null,
    "nutrients": null,
    "ventilation": 0
  }
},
{
  "model": "recipestepbystep.recipestep",
  "pk": 6,
  "fields": {
    "recipe": 1,
    "order": 5,
    "content": "To make the batter, sift the flour and a pinch of salt into a large bowl and whisk in the lager to give a thick batter, adding a little extra beer if it seems over-thick. It should be the consistency of very thick double cream and should coat the back of a wooden spoon. Season with salt and thickly coat 2 of the fillets with the batter. Carefully place in the hot fat and cook for 8-10 minutes until golden and crispy. Remove from the pan, drain and sit on a baking sheet lined with greaseproof paper, then keep warm in the oven while you cook the remaining 2 fillets in the same way.",
    "cooking_appliance": null,
    "cooking_method": null,
    "nutrients": null,
    "ventilation": 0
  }
},
{
  "model": "recipestepbystep.recipestep",
  "pk": 7,
  "fields": {
    "recipe": 1,
    "order": 6,
    "content": "Once the fish is cooked, return the chips to the fryer and cook for 2-3 minutes or until golden and crispy. Shake off any excess fat and season with salt before serving with the crispy fish. If liked, you can serve with tinned mushy peas and bread and butter, for the authentic experience!",
    "cooking_appliance": 5,
    "cooking_method": 2,
    "nutrients": null,
    "ventilation": 1
  }
},
{
  "model": "recipestepbystep.recipestep",
  "pk": 8,
  "fields": {
    "recipe": 2,
    "order": 2,
    "content": "Cook the sausages first. Add the sausages to the hot grill plate/the coolest part if there is one and allow to cook slowly for about 15-20 minutes, turning occasionally, until golden. After the first 10 minutes, increase the heat to medium before beginning to cook the other ingredients. If you are struggling for space, completely cook the sausages and keep hot on a plate in the oven.",
    "cooking_appliance": null,
    "cooking_method": 3,
    "nutrients": null,
    "ventilation": 1
  }
},
{
  "model": "recipestepbystep.recipestep",
  "pk": 9,
  "fields": {
    "recipe": 2,
    "order": 3,
    "content": "Snip a few small cuts into the fatty edge of the bacon. Place the bacon straight on to the grill plate and fry for 2-4 minutes each side or until your preferred crispiness is reached. Like the sausages, the cooked bacon can be kept hot on a plate in the oven.",
    "cooking_appliance": null,
    "cooking_method": 2,
    "nutrients": null,
    "ventilation": 0
  }
},
{
  "model": "recipestepbystep.recipestep",
  "pk": 10,
  "fields": {
    "recipe": 2,
    "order": 4,
    "content": "For the mushrooms, brush away any dirt using a pastry brush and trim the stalk level with the mushroom top. Season with salt and pepper and drizzle over a little olive oil. Place stalk-side up on the grill plate and cook for 1-2 minutes before turning and cooking for a further 3-4 minutes. Avoid moving the mushrooms too much while cooking, as this releases the natural juices, making them soggy.",
    "cooking_appliance": null,
    "cooking_method": 3,
    "nutrients": null,
    "ventilation": 0
  }
},
{
  "model": "recipestepbystep.recipestep",
  "pk": 11,
  "fields": {
    "recipe": 2,
    "order": 5,
    "content": "For the tomatoes, cut the tomatoes across the centre/or in half lengthways if using plum tomatoes , and with a small, sharp knife remove the green 'eye'. Season with salt and pepper and drizzle with a little olive oil. Place cut-side down on the grill plate and cook without moving for 2 minutes. Gently turn over and season again. Cook for a further 2-3 minutes until tender but still holding their shape.",
    "cooking_appliance": null,
    "cooking_method": 3,
    "nutrients": null,
    "ventilation": 0
  }
},
{
  "model": "recipestepbystep.recipestep",
  "pk": 12,
  "fields": {
    "recipe": 2,
    "order": 6,
    "content": "For the black pudding, cut the black pudding into 3-4 slices and remove the skin. Place on the grill plate and cook for 1-2 minutes each side until slightly crispy.",
    "cooking_appliance": null,
    "cooking_method": 3,
    "nutrients": null,
    "ventilation": 0
  }
},
{
  "model": "recipestepbystep.recipestep",
  "pk": 13,
  "fields": {
    "recipe": 2,
    "order": 7,
    "content": "For 'proper' fried bread it's best to cook it in a separate pan. Ideally, use bread that is a couple of days old. Heat a frying pan to a medium heat and cover the base with oil. Add the bread and cook for 2-3 minutes each side until crispy and golden. If the pan becomes too dry, add a little more oil. For a richer flavour, add a knob of butter after you turn the slice.",
    "cooking_appliance": null,
    "cooking_method": 2,
    "nutrients": null,
    "ventilation": 1
  }
},
{
  "model": "recipestepbystep.recipestep",
  "pk": 14,
  "fields": {
    "recipe": 2,
    "order": 8,
    "content": "For the fried eggs, break the egg straight into the pan with the fried bread and leave for 30 seconds. Add a good knob of butter and lightly splash/baste the egg with the butter when melted. Cook to your preferred stage, season and gently remove with a fish slice.",
    "cooking_appliance": null,
    "cooking_method": 2,
    "nutrients": null,
    "ventilation": 0
  }
},
{
  "model": "recipestepbystep.recipestep",
  "pk": 15,
  "fields": {
    "recipe": 2,
    "order": 9,
    "content": "Once all the ingredients are cooked, serve on warm plates and enjoy straight away with a good squeeze of tomato ketchup or brown sauce.",
    "cooking_appliance": null,
    "cooking_method": null,
    "nutrients": null,
    "ventilation": 0
  }
},
{
  "model": "recipestepbystep.location",
  "pk": 1,
  "fields": {
    "location_name": "London & South East England",
    "location_emission_factor": 3.0
  }
},
{
  "model": "recipestepbystep.location",
  "pk": 2,
  "fields": {
    "location_name": "North East England",
    "location_emission_factor": 9.0
  }
},
{
  "model": "recipestepbystep.location",
  "pk": 3,
  "fields": {
    "location_name": "South West England",
    "location_emission_factor": 6.0
  }
},
{
  "model": "recipestepbystep.location",
  "pk": 4,
  "fields": {
    "location_name": "Scotland",
    "location_emission_factor": 2.0
  }
},
{
  "model": "recipestepbystep.location",
  "pk": 5,
  "fields": {
    "location_name": "Wales",
    "location_emission_factor": 5.0
  }
},
{
  "model": "recipestepbystep.timeofday",
  "pk": 1,
  "fields": {
    "time_of_day": "00:00",
    "emission_multiplier": 5.0
  }
},
{
  "model": "recipestepbystep.timeofday",
  "pk": 2,
  "fields": {
    "time_of_day": "01:00",
    "emission_multiplier": 10.0
  }
},
{
  "model": "recipestepbystep.timeofday",
  "pk": 3,
  "fields": {
    "time_of_day": "02:00",
    "emission_multiplier": 5.0
  }
},
{
  "model": "recipestepbystep.timeofday",
  "pk": 4,
  "fields": {
    "time_of_day": "03:00",
    "emission_multiplier": 3.0
  }
},
{
  "model": "recipestepbystep.timeofday",
  "pk": 5,
  "fields": {
    "time_of_day": "04:00",
    "emission_multiplier": 0.0
  }
},
{
  "model": "recipestepbystep.timeofday",
  "pk": 6,
  "fields": {
    "time_of_day": "05:00",
    "emission_multiplier": 4.0
  }
},
{
  "model": "recipestepbystep.timeofday",
  "pk": 7,
  "fields": {
    "time_of_day": "06:00",
    "emission_multiplier": 4.0
  }
},
{
  "model": "recipestepbystep.timeofday",
  "pk": 8,
  "fields": {
    "time_of_day": "07:00",
    "emission_multiplier": 1.0
  }
},
{
  "model": "recipestepbystep.timeofday",
  "pk": 9,
  "fields": {
    "time_of_day": "08:00",
    "emission_multiplier": 2.0
  }
},
{
  "model": "recipestepbystep.timeofday",
  "pk": 10,
  "fields": {
    "time_of_day": "09:00",
    "emission_multiplier": 7.0
  }
},
{
  "model": "recipestepbystep.timeofday",
  "pk": 11,
  "fields": {
    "time_of_day": "10:00",
    "emission_multiplier": 1.0
  }
},
{
  "model": "recipestepbystep.timeofday",
  "pk": 12,
  "fields": {
    "time_of_day": "11:00",
    "emission_multiplier": 5.0
  }
},
{
  "model": "recipestepbystep.timeofday",
  "pk": 13,
  "fields": {
    "time_of_day": "12:00",
    "emission_multiplier": 8.0
  }
},
{
  "model": "recipestepbystep.timeofday",
  "pk": 14,
  "fields": {
    "time_of_day": "13:00",
    "emission_multiplier": 8.0
  }
},
{
  "model": "recipestepbystep.timeofday",
  "pk": 15,
  "fields": {
    "time_of_day": "14:00",
    "emission_multiplier": 5.0
  }
},
{
  "model": "recipestepbystep.timeofday",
  "pk": 16,
  "fields": {
    "time_of_day": "15:00",
    "emission_multiplier": 3.0
  }
},
{
  "model": "recipestepbystep.timeofday",
  "pk": 17,
  "fields": {
    "time_of_day": "16:00",
    "emission_multiplier": 6.0
  }
},
{
  "model": "recipestepbystep.timeofday",
  "pk": 18,
  "fields": {
    "time_of_day": "17:00",
    "emission_multiplier": 13.0
  }
},
{
  "model": "recipestepbystep.timeofday",
  "pk": 19,
  "fields": {
    "time_of_day": "18:00",
    "emission_multiplier": 9.0
  }
},
{
  "model": "recipestepbystep.timeofday",
  "pk": 20,
  "fields": {
    "time_of_day": "19:00",
    "emission_multiplier": 6.0
  }
},
{
  "model": "recipestepbystep.timeofday",
  "pk": 21,
  "fields": {
    "time_of_day": "20:00",
    "emission_multiplier": 5.0
  }
},
{
  "model": "recipestepbystep.timeofday",
  "pk": 22,
  "fields": {
    "time_of_day": "21:00",
    "emission_multiplier": 11.0
  }
},
{
  "model": "recipestepbystep.timeofday",
  "pk": 23,
  "fields": {
    "time_of_day": "22:00",
    "emission_multiplier": 2.0
  }
},
{
  "model": "recipestepbystep.timeofday",
  "pk": 24,
  "fields": {
    "time_of_day": "23:00",
    "emission_multiplier": 6.0
  }
},
{
  "model": "recipestepbystep.substitutecookingmethod",
  "pk": 1,
  "fields": {
    "substitute_cooking_method": "Electric Stove",
    "fuel": "none",
    "emissions": "none"
  }
}
]
