[
{
    "model": "contenttypes.contenttype",
    "fields": {
        "app_label": "admin",
        "model": "logentry"
    }
},
{
    "model": "contenttypes.contenttype",
    "fields": {
        "app_label": "auth",
        "model": "permission"
    }
},
{
    "model": "contenttypes.contenttype",
    "fields": {
        "app_label": "auth",
        "model": "group"
    }
},
{
    "model": "contenttypes.contenttype",
    "fields": {
        "app_label": "auth",
        "model": "user"
    }
},
{
    "model": "contenttypes.contenttype",
    "fields": {
        "app_label": "contenttypes",
        "model": "contenttype"
    }
},
{
    "model": "contenttypes.contenttype",
    "fields": {
        "app_label": "sessions",
        "model": "session"
    }
},
{
    "model": "contenttypes.contenttype",
    "fields": {
        "app_label": "recipestepbystep",
        "model": "recipe"
    }
},
{
    "model": "contenttypes.contenttype",
    "fields": {
        "app_label": "selectrecipe",
        "model": "gridanalysis"
    }
},
{
    "model": "contenttypes.contenttype",
    "fields": {
        "app_label": "recipestepbystep",
        "model": "substitutions"
    }
},
{
    "model": "contenttypes.contenttype",
    "fields": {
        "app_label": "recipestepbystep",
        "model": "sub_cookingmethod"
    }
},
{
    "model": "contenttypes.contenttype",
    "fields": {
        "app_label": "recipestepbystep",
        "model": "ingredient"
    }
},
{
    "model": "contenttypes.contenttype",
    "fields": {
        "app_label": "recipestepbystep",
        "model": "substitutecookingmethod"
    }
},
{
    "model": "contenttypes.contenttype",
    "fields": {
        "app_label": "selectrecipe",
        "model": "gridanalysi"
    }
},
{
    "model": "contenttypes.contenttype",
    "fields": {
        "app_label": "selectrecipe",
        "model": "emissions"
    }
},
{
    "model": "contenttypes.contenttype",
    "fields": {
        "app_label": "selectrecipe",
        "model": "nutrition"
    }
},
{
    "model": "contenttypes.contenttype",
    "fields": {
        "app_label": "selectrecipe",
        "model": "location"
    }
},
{
    "model": "contenttypes.contenttype",
    "fields": {
        "app_label": "recipestepbystep",
        "model": "cookingappliance"
    }
},
{
    "model": "contenttypes.contenttype",
    "fields": {
        "app_label": "recipestepbystep",
        "model": "cookingmethod"
    }
},
{
    "model": "contenttypes.contenttype",
    "fields": {
        "app_label": "recipestepbystep",
        "model": "dietoption"
    }
},
{
    "model": "contenttypes.contenttype",
    "fields": {
        "app_label": "recipestepbystep",
        "model": "emissions"
    }
},
{
    "model": "contenttypes.contenttype",
    "fields": {
        "app_label": "recipestepbystep",
        "model": "gridanalysi"
    }
},
{
    "model": "contenttypes.contenttype",
    "fields": {
        "app_label": "recipestepbystep",
        "model": "location"
    }
},
{
    "model": "contenttypes.contenttype",
    "fields": {
        "app_label": "recipestepbystep",
        "model": "nutrition"
    }
},
{
    "model": "contenttypes.contenttype",
    "fields": {
        "app_label": "recipestepbystep",
        "model": "recipestep"
    }
},
{
    "model": "contenttypes.contenttype",
    "fields": {
        "app_label": "recipestepbystep",
        "model": "timeofday"
    }
},
{
    "model": "contenttypes.contenttype",
    "fields": {
        "app_label": "admin_tools_stats",
        "model": "dashboardstats"
    }
},
{
    "model": "contenttypes.contenttype",
    "fields": {
        "app_label": "admin_tools_stats",
        "model": "dashboardstatscriteria"
    }
},
{
    "model": "contenttypes.contenttype",
    "fields": {
        "app_label": "admin_tools_stats",
        "model": "criteriatostatsm2m"
    }
},
{
    "model": "contenttypes.contenttype",
    "fields": {
        "app_label": "admin_tools_stats",
        "model": "cachedvalue"
    }
},
{
    "model": "contenttypes.contenttype",
    "fields": {
        "app_label": "recipestepbystep",
        "model": "ingredientsubstitute"
    }
},
{
    "model": "contenttypes.contenttype",
    "fields": {
        "app_label": "recipestepbystep",
        "model": "recipeingredient"
    }
},
{
    "model": "contenttypes.contenttype",
    "fields": {
        "app_label": "recipeanalyser",
        "model": "recipe"
    }
},
{
    "model": "contenttypes.contenttype",
    "fields": {
        "app_label": "recipeanalyser",
        "model": "substitutecookingmethod"
    }
},
{
    "model": "contenttypes.contenttype",
    "fields": {
        "app_label": "recipeanalyser",
        "model": "cookingappliance"
    }
},
{
    "model": "contenttypes.contenttype",
    "fields": {
        "app_label": "recipeanalyser",
        "model": "location"
    }
},
{
    "model": "contenttypes.contenttype",
    "fields": {
        "app_label": "recipeanalyser",
        "model": "timeofday"
    }
},
{
    "model": "contenttypes.contenttype",
    "fields": {
        "app_label": "recipeanalyser",
        "model": "recipestep"
    }
},
{
    "model": "contenttypes.contenttype",
    "fields": {
        "app_label": "recipeanalyser",
        "model": "cookingmethod"
    }
},
{
    "model": "contenttypes.contenttype",
    "fields": {
        "app_label": "recipeanalyser",
        "model": "ingredient"
    }
},
{
    "model": "contenttypes.contenttype",
    "fields": {
        "app_label": "recipeanalyser",
        "model": "ingredientsubstitutes"
    }
},
{
    "model": "contenttypes.contenttype",
    "fields": {
        "app_label": "recipestepbystep",
        "model": "recipestep2"
    }
},
{
    "model": "contenttypes.contenttype",
    "fields": {
        "app_label": "recipestepbystep",
        "model": "nutrient"
    }
},
{
    "model": "sessions.session",
    "pk": "0i4ya6die84wqsw0ufbhz1kc745e0xiz",
    "fields": {
        "session_data": ".eJxNjcEKwzAMQ_9F515WVgb5mRBiZRjcpDTZYZT9-0x76UlGT5YOlI9Z7DTmoa1GaZUIJVnnhMumxJ1ZN0YVBDwwQet7pyjrcLRZylz97ggHFo_MHnm5PvG7lVjL6dw4axbc0NCVrUj6Xmz2xz9ywDSz:1ur1J2:Zm1DW-SlPyz_CUkkcFdiF32eQZXuVbW6GP8dX6CB5Mc",
        "expire_date": "2025-09-09T21:34:16.715Z"
    }
},
{
    "model": "sessions.session",
    "pk": "3a94o1lx2r9cj7q0cyiewuank9hgzm8e",
    "fields": {
        "session_data": ".eJxNzEEKhTAMhOG7ZF1ERTdeppR2lEDbSJuNiHc34OK9zTDwwX9TR0ZUJN8Q-YTnRBtN5Ijr0ZAYVY3OHCKK_U7b_TiSxgfXkL2K2qJw7yzVdBrnYXS_bJYY1OgLr_RHygWyp3B9Ni_0vNNaM0s:1uqyLi:s0ta_OiJItkgASL7jfdthZPUP1mrUyPZSVtjnVgAzB8",
        "expire_date": "2025-09-09T18:24:50.649Z"
    }
},
{
    "model": "sessions.session",
    "pk": "3q1l6xjxe8bdnwknzlp6j6bwzwwwn7le",
    "fields": {
        "session_data": ".eJxNjUEKxCAQBP8yZ1myISc_I6JtGBidoOYQQv6-kuwhl6bpguqT0i7iGgShsxYXtYBs8tJg6JkRXUXgDY4jWZrJEJe1IjJKH2gTH5BHb2TPy5BWXrl4cV37SGRubagH_U7zZ3ppRYO_X2_xQi_UOUNT9Mf_dKHrB2WzPd0:1uqyiB:PMlemPea8fTKdMGLjUTNTiWJPAw7YQOPudjoDCPb_Pc",
        "expire_date": "2025-09-09T18:48:03.827Z"
    }
},
{
    "model": "sessions.session",
    "pk": "3zcgyh5vqsyukoobm3558n7gc40cw29f",
    "fields": {
        "session_data": ".eJxVj81uwyAQhN-Fc2TxZ7vOsfc-g7WGwabFEAE5VFHevViJUuWyWs03O7t7YwUBpsLOGcZfMHvLzkywE5vpWrf5WpAfmnzXFjI_iAew3xTX1JkUa_ZLd1i6Jy3dV7IIn0_vW8BGZTtixai4kL1RRHpanFSD05xDE0zTP2Sv3IhFu15oDcLAMU5iGgSUHKB0C329EJKh6lP8P_iFqt-RnKXfB-sb83HNsB6xtt8vgQz21hd2vjV8jN9PLGW_-khhrqm2it2X0hY0k-Cy4_c_JTxqbg:1urRM1:mlSd0f3iiIMT7p-Ni4W4RxQAYnzgTly9_1ebF8HQ9dw",
        "expire_date": "2025-09-11T01:23:05.799Z"
    }
},
{
    "model": "sessions.session",
    "pk": "5500wfaih11a7mqk8cnqf8hfxa6guy8m",
    "fields": {
        "session_data": ".eJxNzDEKgDAQRNG7bB1ExcrLhJCMspBkJdlGxLu7YKHNMPDgX9SRERXJN0Q-4DnRShM54ro3JEZVoyOHiGK_03rdjqTxzjVkr6K2KNw7SzWdxnkY3ZfNEoMaveGFfqRcIFsK52vzQvcD0zozSg:1uqyMD:73MYUMOQdEIQHEbei30hY_owps-8WYp-oN7joVm8aFw",
        "expire_date": "2025-09-09T18:25:21.729Z"
    }
},
{
    "model": "sessions.session",
    "pk": "5xa9kagovrpi7xjqku3je6zg8kc9x03t",
    "fields": {
        "session_data": ".eJxVjDsOwjAQRO_iGllO_NtQ0ucM1q4_OIBsKU4qxN1xpBTQTPHezLyZw33Lbm9xdUtgVzawyy8j9M9YDhEeWO6V-1q2dSF-VPhpG59riK_b2f07yNhyXwtvwEskiXqUApSnBIgwJSWs9iqFftVzsKJjCgCGBFmalB6NsVazzxf5czgw:1uoqWt:Lejuz2X13LzbRd_M0HKGtb1ynAY1CH6Z53WrMMxdLqU",
        "expire_date": "2025-09-03T21:39:35.830Z"
    }
},
{
    "model": "sessions.session",
    "pk": "b3urkszvubgscgjfnjucufh5asm5vg2r",
    "fields": {
        "session_data": ".eJxNjcEKxCAQQ_8lZ1la2V78GRGdloHRKWoPS-m_r7SXXkLIC8mJ9RDxjYRiZy0-aSG4NUgjgyem5CtF3slzgsMMAy5bpcRU-kC7hEh5-AZ3YhkVi8tAK29cgviufShlbm08jNI82c_0WheN4T6_9xe8UOdMuqbwe5j94voDpZE_Bg:1uqyu0:ThM_JLXXHDWxYDHpaevNC9F81Jb41uhAQoPcsKnQvNU",
        "expire_date": "2025-09-09T19:00:16.645Z"
    }
},
{
    "model": "sessions.session",
    "pk": "dry2g4ekkn2e8dlap4h0ot7xr9d8risq",
    "fields": {
        "session_data": ".eJxVjEsOwiAUAO_C2hA-DxCX7nsG8oCHVA1NSrsy3l1JutDtzGReLOC-1bB3WsOc2YUpdvplEdOD2hD5ju228LS0bZ0jHwk_bOfTkul5Pdq_QcVex1Y6LaQySSOCj0VpW0AIAqT05WdldHEUoRgJQEhWkPPSW0laWdLA3h_Bkjb7:1uoqaN:C7jKLL8ZOgiHbc970lQ5KWrEHyCqNrbCtSqaJhkhQyA",
        "expire_date": "2025-09-03T21:43:11.357Z"
    }
},
{
    "model": "sessions.session",
    "pk": "e8lcd6w3o3tolj9fi8p35l67g6be2f8n",
    "fields": {
        "session_data": ".eJxVjssOgjAQRf-la0MK9IVL934DmU6nUkVqoCyM8d8tARPYzOKee0_mw1qYU9fOE41tcOzMSnbaZxbwQcMC3B2GWywwDmkMtlgqxUan4hod9ZetexB0MHV5zVEZrMHWIKuaG4HWGwDTeMG1ROFdVuVbap5j64xRllttGyErpbSWWTpRT5jItSNheNH6brUHKTwpegfvlR1GfURIIQ5_9P0B5qtTpQ:1ugOjb:Pf6bijlSY6poujKiQChHOzyDKB1GVrIuAFGkWzm8vZE",
        "expire_date": "2025-08-11T14:21:47.221Z"
    }
},
{
    "model": "sessions.session",
    "pk": "je43ekzf5vivnx7b9og1d4981nv3xbcc",
    "fields": {
        "session_data": ".eJxVjEsOwiAUAO_C2hA-DxCX7nsG8oCHVA1NSrsy3l1JutDtzGReLOC-1bB3WsOc2YUpdvplEdOD2hD5ju228LS0bZ0jHwk_bOfTkul5Pdq_QcVex1Y6LaQySSOCj0VpW0AIAqT05WdldHEUoRgJQEhWkPPSW0laWdLA3h_Bkjb7:1uorOy:QQJoN00VKgElAV-eMc-t1aLOb-4hzujN5YovzxDOAio",
        "expire_date": "2025-09-03T22:35:28.526Z"
    }
},
{
    "model": "sessions.session",
    "pk": "mj761ydma9ggtuuebtn5zebq7emqucvv",
    "fields": {
        "session_data": ".eJxVjsEKwyAQRP9lzxJimlzyM2J1mi4YDeqlhPx7twjF3BbezOw7qSDAVXiT4fiAYU8raVLEccvwjFgFHcE67HIXWs9LUU3VBnMgux93bxs30DoqSpk3jsJaAjuXwilKTY_TIIH_v5CcrYLax4U6VHlHenn7aWyaBT6tYI4wLSVFMaFOWiu6TS5ieduZ5m6lF9OPYbyuLyr2XjY:1uqxox:IT5U2aXwUQYBgXaNLt8eict972ePK7Wmy4W9yCr4zsU",
        "expire_date": "2025-09-09T17:50:59.727Z"
    }
},
{
    "model": "sessions.session",
    "pk": "n0frimq4lfhngeauaf8hyy4att9g0pfw",
    "fields": {
        "session_data": ".eJwNikEKwCAQxP4yZymtvfUzIjrIgtXiehP_3r2EQLKgrEyTOQwm-Rgk44GHg7QymIVtWvpqTHzNFc_CbcuN7dCHFGmxhtmnka-oSm82Xac_zv0DViEhOg:1uqyDV:gsPUXI7jOg8znyzIlXYGbMKWlBbbvPbjoA33GpSmHJY",
        "expire_date": "2025-09-09T18:16:21.677Z"
    }
},
{
    "model": "sessions.session",
    "pk": "od7mvkdvmkuvusclvnge3tb6hj1l0p12",
    "fields": {
        "session_data": ".eJxNzcsKAyEMheF3yVrKdNqVLyMST23AG-qmDPPuzeCi3YQDH_w5aCCBJ4LrYGlwEsjSToakxI4gKFOpJc_IugfZ4zRUu0QpPrlZp15kGUNqUb1v-20zv2yq7KfSCj_pj6Zk1Ffwn2UPtZVr6Hz95bcvEWS38wsT2Dwr:1uqudp:dUU1W8HKmWhRIV-bRXapwCurABjOgFnEuAUiryHppII",
        "expire_date": "2025-09-09T14:27:17.800Z"
    }
},
{
    "model": "sessions.session",
    "pk": "s75h6qayns9lek9b60n4tkyptupn3i80",
    "fields": {
        "session_data": ".eJyrVipOzUlNLklNiS9KTc4sSI3PTFGyUjJS0kFIlGTmpuanpSRWQuQMjZElc_KTE0sy8_Ogckq1ALXMHG0:1upPRk:5C7saJyUEeA04NVKmP5d-eJ61ft2cKH0h0fpwv4RFGk",
        "expire_date": "2025-09-05T10:56:36.409Z"
    }
},
{
    "model": "sessions.session",
    "pk": "veaog4tk1shood8enud5edr2biqpooqf",
    "fields": {
        "session_data": ".eJyrVipOzUlNLklNic_JT04syczPi89MUbJSMlTSQUiVZOam5qelJFbC5GoBR8oTzg:1ur4bf:LDVGxBMdW_6OVy6qv0ju6DbAwcGAAU0-A8dA6f-1Ric",
        "expire_date": "2025-09-10T01:05:43.466Z"
    }
},
{
    "model": "sessions.session",
    "pk": "wzqug768oq5g5cf3gb4h67ge7biw3ja9",
    "fields": {
        "session_data": ".eJxVjEsOwiAUAO_C2hA-DxCX7nsG8oCHVA1NSrsy3l1JutDtzGReLOC-1bB3WsOc2YUpdvplEdOD2hD5ju228LS0bZ0jHwk_bOfTkul5Pdq_QcVex1Y6LaQySSOCj0VpW0AIAqT05WdldHEUoRgJQEhWkPPSW0laWdLA3h_Bkjb7:1uorOq:Pz0CujCD_qGzCv0nrpNkJ-0flTBvU_zS7rmgFzyebfc",
        "expire_date": "2025-09-03T22:35:20.033Z"
    }
},
{
    "model": "sessions.session",
    "pk": "xjdxfy29ondocimuhdrz7vmi67wyggkd",
    "fields": {
        "session_data": ".eJxVjDsOwjAQRO_iGllO_NtQ0ucM1q4_OIBsKU4qxN1xpBTQTPHezLyZw33Lbm9xdUtgVzawyy8j9M9YDhEeWO6V-1q2dSF-VPhpG59riK_b2f07yNhyXwtvwEskiXqUApSnBIgwJSWs9iqFftVzsKJjCgCGBFmalB6NsVazzxf5czgw:1usN0J:4Tm_QK4fjcu5oSwT9rm5du6pc7BmB1s9fdUi1BErfHE",
        "expire_date": "2025-09-13T14:56:31.384Z"
    }
},
{
    "model": "sessions.session",
    "pk": "z63t7nejpthg4r7a6xwblwsdpd53kcs5",
    "fields": {
        "session_data": ".eJxtzE0KwjAYhOG7ZC2l-WlqXbr3DOFLMrHR2kiTLkS8uy0WRHA7z_A-WcYAV-DNBBfvMNGzA-Ns94UhOSoxjX-oxBtS8PT4mFjM0Fx6M2dMfzdL7opxBX-h8Zwql8YyRVutl2rTXJ2Sx3Dcvj-BnnK_Znkray4aJ4lUZ4OQOqi6hiK4Zd-LRoYWVoWGKwWCrtF2vNMcUmhIxV5vk8lSaA:1uoqOW:4-riTpnH7w0DSXEmrimbygQG7sc_QiRpHeSI4x-yyME",
        "expire_date": "2025-09-03T21:30:56.539Z"
    }
},
{
    "model": "recipestepbystep.cookingappliance",
    "pk": 1,
    "fields": {
        "name": "gas cooker",
        "CO2": 3200.0
    }
},
{
    "model": "recipestepbystep.cookingappliance",
    "pk": 2,
    "fields": {
        "name": "electric cooker",
        "CO2": 230.0
    }
},
{
    "model": "recipestepbystep.cookingmethod",
    "pk": 1,
    "fields": {
        "name": "boiling",
        "CO2": 0.0,
        "nutrition_loss": 0.0
    }
},
{
    "model": "recipestepbystep.cookingmethod",
    "pk": 2,
    "fields": {
        "name": "frying",
        "CO2": 0.0,
        "nutrition_loss": 0.0
    }
},
{
    "model": "recipestepbystep.cookingmethod",
    "pk": 3,
    "fields": {
        "name": "roasting",
        "CO2": 0.0,
        "nutrition_loss": 0.0
    }
},
{
    "model": "recipestepbystep.cookingmethod",
    "pk": 4,
    "fields": {
        "name": "simmering",
        "CO2": 0.0,
        "nutrition_loss": 0.0
    }
},
{
    "model": "recipestepbystep.nutrient",
    "pk": 1,
    "fields": {
        "name": "Vitamin K",
        "value": 5.0
    }
},
{
    "model": "recipestepbystep.nutrient",
    "pk": 2,
    "fields": {
        "name": "Vitamin B",
        "value": 3.0
    }
},
{
    "model": "recipestepbystep.nutrient",
    "pk": 3,
    "fields": {
        "name": "Vitamin C",
        "value": 7.0
    }
},
{
    "model": "recipestepbystep.ingredientsubstitute",
    "pk": 1,
    "fields": {
        "name": "soybean",
        "nutritional_value_key": "high",
        "nutritional_value": 6.0,
        "emissions_key": "low",
        "emissions": 16.0
    }
},
{
    "model": "recipestepbystep.ingredientsubstitute",
    "pk": 2,
    "fields": {
        "name": "chicken",
        "nutritional_value_key": "high",
        "nutritional_value": 1.0,
        "emissions_key": "medium",
        "emissions": 20.0
    }
},
{
    "model": "recipestepbystep.ingredientsubstitute",
    "pk": 3,
    "fields": {
        "name": "brown bread",
        "nutritional_value_key": "high",
        "nutritional_value": 0.0,
        "emissions_key": "low",
        "emissions": 9.0
    }
},
{
    "model": "recipestepbystep.ingredientsubstitute",
    "pk": 4,
    "fields": {
        "name": "sunflower oil",
        "nutritional_value_key": "medium",
        "nutritional_value": 0.0,
        "emissions_key": "medium",
        "emissions": 15.0
    }
},
{
    "model": "recipestepbystep.ingredient",
    "pk": 1,
    "fields": {
        "name": "beef",
        "nutritional_value_key": "high",
        "nutritional_value": 56.0,
        "emissions_key": "high",
        "emissions": 150.0,
        "substitutes": [
            1,
            2
        ]
    }
},
{
    "model": "recipestepbystep.ingredient",
    "pk": 2,
    "fields": {
        "name": "flat mushroom",
        "nutritional_value_key": "high",
        "nutritional_value": 50.0,
        "emissions_key": "low",
        "emissions": 35.0,
        "substitutes": []
    }
},
{
    "model": "recipestepbystep.ingredient",
    "pk": 3,
    "fields": {
        "name": "white bread slice",
        "nutritional_value_key": "low",
        "nutritional_value": 5.0,
        "emissions_key": "medium",
        "emissions": 50.0,
        "substitutes": [
            3
        ]
    }
},
{
    "model": "recipestepbystep.ingredient",
    "pk": 4,
    "fields": {
        "name": "sausage",
        "nutritional_value_key": "high",
        "nutritional_value": 10.0,
        "emissions_key": "high",
        "emissions": 50.0,
        "substitutes": [
            1
        ]
    }
},
{
    "model": "recipestepbystep.ingredient",
    "pk": 5,
    "fields": {
        "name": "fish",
        "nutritional_value_key": "high",
        "nutritional_value": 65.0,
        "emissions_key": "medium",
        "emissions": 42.0,
        "substitutes": [
            2
        ]
    }
},
{
    "model": "recipestepbystep.ingredient",
    "pk": 6,
    "fields": {
        "name": "chips",
        "nutritional_value_key": "low",
        "nutritional_value": 11.0,
        "emissions_key": "medium",
        "emissions": 40.0,
        "substitutes": []
    }
},
{
    "model": "recipestepbystep.ingredient",
    "pk": 7,
    "fields": {
        "name": "vegetable oil",
        "nutritional_value_key": "none",
        "nutritional_value": 0.0,
        "emissions_key": "none",
        "emissions": 20.0,
        "substitutes": [
            4
        ]
    }
},
{
    "model": "recipestepbystep.ingredient",
    "pk": 8,
    "fields": {
        "name": "flour",
        "nutritional_value_key": "none",
        "nutritional_value": 0.0,
        "emissions_key": "none",
        "emissions": 0.0,
        "substitutes": []
    }
},
{
    "model": "recipestepbystep.ingredient",
    "pk": 9,
    "fields": {
        "name": "baking powder",
        "nutritional_value_key": "none",
        "nutritional_value": 0.0,
        "emissions_key": "none",
        "emissions": 0.0,
        "substitutes": []
    }
},
{
    "model": "recipestepbystep.ingredient",
    "pk": 10,
    "fields": {
        "name": "potato",
        "nutritional_value_key": "none",
        "nutritional_value": 0.0,
        "emissions_key": "none",
        "emissions": 0.0,
        "substitutes": []
    }
},
{
    "model": "recipestepbystep.ingredient",
    "pk": 11,
    "fields": {
        "name": "milk",
        "nutritional_value_key": "none",
        "nutritional_value": 0.0,
        "emissions_key": "none",
        "emissions": 0.0,
        "substitutes": []
    }
},
{
    "model": "recipestepbystep.recipe",
    "pk": 1,
    "fields": {
        "name": "Fish And Chips",
        "cooking_time_minutes": 15.0,
        "cooking_method": "frying",
        "serving_size": 2,
        "image_url": "https://storage.needpix.com/rsynced_images/food-3687804_1280.jpg",
        "foodtags": "vegetarian",
        "emissions_key": "low",
        "nutritional_value_key": "low",
        "ingredients": [
            5,
            6,
            7,
            8,
            9,
            10,
            11
        ]
    }
},
{
    "model": "recipestepbystep.recipe",
    "pk": 2,
    "fields": {
        "name": "English Breakfast",
        "cooking_time_minutes": 30.0,
        "cooking_method": "---",
        "serving_size": 1,
        "image_url": "https://ichef.bbci.co.uk/food/ic/food_16x9_1600/recipes/stressfreefullenglis_67721_16x9.jpg",
        "foodtags": "Dairy-free, Nut-free, Pregnancy-friendly",
        "emissions_key": "low",
        "nutritional_value_key": "high",
        "ingredients": [
            2,
            3,
            4
        ]
    }
},
{
    "model": "recipestepbystep.recipestep",
    "pk": 1,
    "fields": {
        "recipe": 1,
        "order": 2,
        "content": "cook chips",
        "cooking_appliance": null,
        "cooking_method": 2,
        "nutrients": null,
        "ventilation": 1
    }
},
{
    "model": "recipestepbystep.recipestep",
    "pk": 2,
    "fields": {
        "recipe": 1,
        "order": 1,
        "content": "cook fish",
        "cooking_appliance": null,
        "cooking_method": null,
        "nutrients": null,
        "ventilation": 0
    }
},
{
    "model": "recipestepbystep.recipestep",
    "pk": 3,
    "fields": {
        "recipe": 2,
        "order": 1,
        "content": "step 1 will be here",
        "cooking_appliance": null,
        "cooking_method": null,
        "nutrients": null,
        "ventilation": 0
    }
},
{
    "model": "recipestepbystep.location",
    "pk": 1,
    "fields": {
        "location_name": "London & South East England",
        "location_emission_factor": 0.0
    }
},
{
    "model": "recipestepbystep.location",
    "pk": 2,
    "fields": {
        "location_name": "North East England",
        "location_emission_factor": 0.0
    }
},
{
    "model": "recipestepbystep.location",
    "pk": 3,
    "fields": {
        "location_name": "South West England",
        "location_emission_factor": 0.0
    }
},
{
    "model": "recipestepbystep.location",
    "pk": 4,
    "fields": {
        "location_name": "Scotland",
        "location_emission_factor": 2.0
    }
},
{
    "model": "recipestepbystep.location",
    "pk": 5,
    "fields": {
        "location_name": "Wales",
        "location_emission_factor": 5.0
    }
},
{
    "model": "recipestepbystep.timeofday",
    "pk": 1,
    "fields": {
        "time_of_day": "00:00",
        "emission_multiplier": 0.0
    }
},
{
    "model": "recipestepbystep.timeofday",
    "pk": 2,
    "fields": {
        "time_of_day": "01:00",
        "emission_multiplier": 0.0
    }
},
{
    "model": "recipestepbystep.timeofday",
    "pk": 3,
    "fields": {
        "time_of_day": "02:00",
        "emission_multiplier": 0.0
    }
},
{
    "model": "recipestepbystep.timeofday",
    "pk": 4,
    "fields": {
        "time_of_day": "03:00",
        "emission_multiplier": 0.0
    }
},
{
    "model": "recipestepbystep.timeofday",
    "pk": 5,
    "fields": {
        "time_of_day": "04:00",
        "emission_multiplier": 0.0
    }
},
{
    "model": "recipestepbystep.timeofday",
    "pk": 6,
    "fields": {
        "time_of_day": "05:00",
        "emission_multiplier": 0.0
    }
},
{
    "model": "recipestepbystep.timeofday",
    "pk": 7,
    "fields": {
        "time_of_day": "06:00",
        "emission_multiplier": 0.0
    }
},
{
    "model": "recipestepbystep.timeofday",
    "pk": 8,
    "fields": {
        "time_of_day": "07:00",
        "emission_multiplier": 0.0
    }
},
{
    "model": "recipestepbystep.timeofday",
    "pk": 9,
    "fields": {
        "time_of_day": "08:00",
        "emission_multiplier": 0.0
    }
},
{
    "model": "recipestepbystep.timeofday",
    "pk": 10,
    "fields": {
        "time_of_day": "09:00",
        "emission_multiplier": 0.0
    }
},
{
    "model": "recipestepbystep.timeofday",
    "pk": 11,
    "fields": {
        "time_of_day": "10:00",
        "emission_multiplier": 0.0
    }
},
{
    "model": "recipestepbystep.timeofday",
    "pk": 12,
    "fields": {
        "time_of_day": "11:00",
        "emission_multiplier": 0.0
    }
},
{
    "model": "recipestepbystep.timeofday",
    "pk": 13,
    "fields": {
        "time_of_day": "12:00",
        "emission_multiplier": 0.0
    }
},
{
    "model": "recipestepbystep.timeofday",
    "pk": 14,
    "fields": {
        "time_of_day": "13:00",
        "emission_multiplier": 0.0
    }
},
{
    "model": "recipestepbystep.timeofday",
    "pk": 15,
    "fields": {
        "time_of_day": "14:00",
        "emission_multiplier": 0.0
    }
},
{
    "model": "recipestepbystep.timeofday",
    "pk": 16,
    "fields": {
        "time_of_day": "15:00",
        "emission_multiplier": 0.0
    }
},
{
    "model": "recipestepbystep.timeofday",
    "pk": 17,
    "fields": {
        "time_of_day": "16:00",
        "emission_multiplier": 0.0
    }
},
{
    "model": "recipestepbystep.timeofday",
    "pk": 18,
    "fields": {
        "time_of_day": "17:00",
        "emission_multiplier": 0.0
    }
},
{
    "model": "recipestepbystep.timeofday",
    "pk": 19,
    "fields": {
        "time_of_day": "18:00",
        "emission_multiplier": 0.0
    }
},
{
    "model": "recipestepbystep.timeofday",
    "pk": 20,
    "fields": {
        "time_of_day": "19:00",
        "emission_multiplier": 0.0
    }
},
{
    "model": "recipestepbystep.timeofday",
    "pk": 21,
    "fields": {
        "time_of_day": "20:00",
        "emission_multiplier": 0.0
    }
},
{
    "model": "recipestepbystep.timeofday",
    "pk": 22,
    "fields": {
        "time_of_day": "21:00",
        "emission_multiplier": 0.0
    }
},
{
    "model": "recipestepbystep.timeofday",
    "pk": 23,
    "fields": {
        "time_of_day": "22:00",
        "emission_multiplier": 2.0
    }
},
{
    "model": "recipestepbystep.timeofday",
    "pk": 24,
    "fields": {
        "time_of_day": "23:00",
        "emission_multiplier": 6.0
    }
},
{
    "model": "recipestepbystep.substitutecookingmethod",
    "pk": 1,
    "fields": {
        "substitute_cooking_method": "Electric Stove",
        "fuel": "none",
        "emissions": "none"
    }
},
{
    "model": "auth.permission",
    "fields": {
        "name": "Can add log entry",
        "content_type": [
            "admin",
            "logentry"
        ],
        "codename": "add_logentry"
    }
},
{
    "model": "auth.permission",
    "fields": {
        "name": "Can change log entry",
        "content_type": [
            "admin",
            "logentry"
        ],
        "codename": "change_logentry"
    }
},
{
    "model": "auth.permission",
    "fields": {
        "name": "Can delete log entry",
        "content_type": [
            "admin",
            "logentry"
        ],
        "codename": "delete_logentry"
    }
},
{
    "model": "auth.permission",
    "fields": {
        "name": "Can view log entry",
        "content_type": [
            "admin",
            "logentry"
        ],
        "codename": "view_logentry"
    }
},
{
    "model": "auth.permission",
    "fields": {
        "name": "Can add permission",
        "content_type": [
            "auth",
            "permission"
        ],
        "codename": "add_permission"
    }
},
{
    "model": "auth.permission",
    "fields": {
        "name": "Can change permission",
        "content_type": [
            "auth",
            "permission"
        ],
        "codename": "change_permission"
    }
},
{
    "model": "auth.permission",
    "fields": {
        "name": "Can delete permission",
        "content_type": [
            "auth",
            "permission"
        ],
        "codename": "delete_permission"
    }
},
{
    "model": "auth.permission",
    "fields": {
        "name": "Can view permission",
        "content_type": [
            "auth",
            "permission"
        ],
        "codename": "view_permission"
    }
},
{
    "model": "auth.permission",
    "fields": {
        "name": "Can add group",
        "content_type": [
            "auth",
            "group"
        ],
        "codename": "add_group"
    }
},
{
    "model": "auth.permission",
    "fields": {
        "name": "Can change group",
        "content_type": [
            "auth",
            "group"
        ],
        "codename": "change_group"
    }
},
{
    "model": "auth.permission",
    "fields": {
        "name": "Can delete group",
        "content_type": [
            "auth",
            "group"
        ],
        "codename": "delete_group"
    }
},
{
    "model": "auth.permission",
    "fields": {
        "name": "Can view group",
        "content_type": [
            "auth",
            "group"
        ],
        "codename": "view_group"
    }
},
{
    "model": "auth.permission",
    "fields": {
        "name": "Can add user",
        "content_type": [
            "auth",
            "user"
        ],
        "codename": "add_user"
    }
},
{
    "model": "auth.permission",
    "fields": {
        "name": "Can change user",
        "content_type": [
            "auth",
            "user"
        ],
        "codename": "change_user"
    }
},
{
    "model": "auth.permission",
    "fields": {
        "name": "Can delete user",
        "content_type": [
            "auth",
            "user"
        ],
        "codename": "delete_user"
    }
},
{
    "model": "auth.permission",
    "fields": {
        "name": "Can view user",
        "content_type": [
            "auth",
            "user"
        ],
        "codename": "view_user"
    }
},
{
    "model": "auth.permission",
    "fields": {
        "name": "Can add content type",
        "content_type": [
            "contenttypes",
            "contenttype"
        ],
        "codename": "add_contenttype"
    }
},
{
    "model": "auth.permission",
    "fields": {
        "name": "Can change content type",
        "content_type": [
            "contenttypes",
            "contenttype"
        ],
        "codename": "change_contenttype"
    }
},
{
    "model": "auth.permission",
    "fields": {
        "name": "Can delete content type",
        "content_type": [
            "contenttypes",
            "contenttype"
        ],
        "codename": "delete_contenttype"
    }
},
{
    "model": "auth.permission",
    "fields": {
        "name": "Can view content type",
        "content_type": [
            "contenttypes",
            "contenttype"
        ],
        "codename": "view_contenttype"
    }
},
{
    "model": "auth.permission",
    "fields": {
        "name": "Can add session",
        "content_type": [
            "sessions",
            "session"
        ],
        "codename": "add_session"
    }
},
{
    "model": "auth.permission",
    "fields": {
        "name": "Can change session",
        "content_type": [
            "sessions",
            "session"
        ],
        "codename": "change_session"
    }
},
{
    "model": "auth.permission",
    "fields": {
        "name": "Can delete session",
        "content_type": [
            "sessions",
            "session"
        ],
        "codename": "delete_session"
    }
},
{
    "model": "auth.permission",
    "fields": {
        "name": "Can view session",
        "content_type": [
            "sessions",
            "session"
        ],
        "codename": "view_session"
    }
},
{
    "model": "auth.permission",
    "fields": {
        "name": "Can add recipe",
        "content_type": [
            "recipestepbystep",
            "recipe"
        ],
        "codename": "add_recipe"
    }
},
{
    "model": "auth.permission",
    "fields": {
        "name": "Can change recipe",
        "content_type": [
            "recipestepbystep",
            "recipe"
        ],
        "codename": "change_recipe"
    }
},
{
    "model": "auth.permission",
    "fields": {
        "name": "Can delete recipe",
        "content_type": [
            "recipestepbystep",
            "recipe"
        ],
        "codename": "delete_recipe"
    }
},
{
    "model": "auth.permission",
    "fields": {
        "name": "Can view recipe",
        "content_type": [
            "recipestepbystep",
            "recipe"
        ],
        "codename": "view_recipe"
    }
},
{
    "model": "auth.permission",
    "fields": {
        "name": "Can add gridanalysis",
        "content_type": [
            "selectrecipe",
            "gridanalysis"
        ],
        "codename": "add_gridanalysis"
    }
},
{
    "model": "auth.permission",
    "fields": {
        "name": "Can change gridanalysis",
        "content_type": [
            "selectrecipe",
            "gridanalysis"
        ],
        "codename": "change_gridanalysis"
    }
},
{
    "model": "auth.permission",
    "fields": {
        "name": "Can delete gridanalysis",
        "content_type": [
            "selectrecipe",
            "gridanalysis"
        ],
        "codename": "delete_gridanalysis"
    }
},
{
    "model": "auth.permission",
    "fields": {
        "name": "Can view gridanalysis",
        "content_type": [
            "selectrecipe",
            "gridanalysis"
        ],
        "codename": "view_gridanalysis"
    }
},
{
    "model": "auth.permission",
    "fields": {
        "name": "Can add substitutions",
        "content_type": [
            "recipestepbystep",
            "substitutions"
        ],
        "codename": "add_substitutions"
    }
},
{
    "model": "auth.permission",
    "fields": {
        "name": "Can change substitutions",
        "content_type": [
            "recipestepbystep",
            "substitutions"
        ],
        "codename": "change_substitutions"
    }
},
{
    "model": "auth.permission",
    "fields": {
        "name": "Can delete substitutions",
        "content_type": [
            "recipestepbystep",
            "substitutions"
        ],
        "codename": "delete_substitutions"
    }
},
{
    "model": "auth.permission",
    "fields": {
        "name": "Can view substitutions",
        "content_type": [
            "recipestepbystep",
            "substitutions"
        ],
        "codename": "view_substitutions"
    }
},
{
    "model": "auth.permission",
    "fields": {
        "name": "Can add sub_ cooking methods",
        "content_type": [
            "recipestepbystep",
            "sub_cookingmethod"
        ],
        "codename": "add_sub_cookingmethods"
    }
},
{
    "model": "auth.permission",
    "fields": {
        "name": "Can change sub_ cooking methods",
        "content_type": [
            "recipestepbystep",
            "sub_cookingmethod"
        ],
        "codename": "change_sub_cookingmethods"
    }
},
{
    "model": "auth.permission",
    "fields": {
        "name": "Can delete sub_ cooking methods",
        "content_type": [
            "recipestepbystep",
            "sub_cookingmethod"
        ],
        "codename": "delete_sub_cookingmethods"
    }
},
{
    "model": "auth.permission",
    "fields": {
        "name": "Can view sub_ cooking methods",
        "content_type": [
            "recipestepbystep",
            "sub_cookingmethod"
        ],
        "codename": "view_sub_cookingmethods"
    }
},
{
    "model": "auth.permission",
    "fields": {
        "name": "Can add sub_ ingredients",
        "content_type": [
            "recipestepbystep",
            "ingredient"
        ],
        "codename": "add_sub_ingredients"
    }
},
{
    "model": "auth.permission",
    "fields": {
        "name": "Can change sub_ ingredients",
        "content_type": [
            "recipestepbystep",
            "ingredient"
        ],
        "codename": "change_sub_ingredients"
    }
},
{
    "model": "auth.permission",
    "fields": {
        "name": "Can delete sub_ ingredients",
        "content_type": [
            "recipestepbystep",
            "ingredient"
        ],
        "codename": "delete_sub_ingredients"
    }
},
{
    "model": "auth.permission",
    "fields": {
        "name": "Can view sub_ ingredients",
        "content_type": [
            "recipestepbystep",
            "ingredient"
        ],
        "codename": "view_sub_ingredients"
    }
},
{
    "model": "auth.permission",
    "fields": {
        "name": "Can add sub_ cooking method",
        "content_type": [
            "recipestepbystep",
            "sub_cookingmethod"
        ],
        "codename": "add_sub_cookingmethod"
    }
},
{
    "model": "auth.permission",
    "fields": {
        "name": "Can change sub_ cooking method",
        "content_type": [
            "recipestepbystep",
            "sub_cookingmethod"
        ],
        "codename": "change_sub_cookingmethod"
    }
},
{
    "model": "auth.permission",
    "fields": {
        "name": "Can delete sub_ cooking method",
        "content_type": [
            "recipestepbystep",
            "sub_cookingmethod"
        ],
        "codename": "delete_sub_cookingmethod"
    }
},
{
    "model": "auth.permission",
    "fields": {
        "name": "Can view sub_ cooking method",
        "content_type": [
            "recipestepbystep",
            "sub_cookingmethod"
        ],
        "codename": "view_sub_cookingmethod"
    }
},
{
    "model": "auth.permission",
    "fields": {
        "name": "Can add sub_ ingredient",
        "content_type": [
            "recipestepbystep",
            "ingredient"
        ],
        "codename": "add_sub_ingredient"
    }
},
{
    "model": "auth.permission",
    "fields": {
        "name": "Can change sub_ ingredient",
        "content_type": [
            "recipestepbystep",
            "ingredient"
        ],
        "codename": "change_sub_ingredient"
    }
},
{
    "model": "auth.permission",
    "fields": {
        "name": "Can delete sub_ ingredient",
        "content_type": [
            "recipestepbystep",
            "ingredient"
        ],
        "codename": "delete_sub_ingredient"
    }
},
{
    "model": "auth.permission",
    "fields": {
        "name": "Can view sub_ ingredient",
        "content_type": [
            "recipestepbystep",
            "ingredient"
        ],
        "codename": "view_sub_ingredient"
    }
},
{
    "model": "auth.permission",
    "fields": {
        "name": "Can add substitute ingredients",
        "content_type": [
            "recipestepbystep",
            "ingredient"
        ],
        "codename": "add_substituteingredients"
    }
},
{
    "model": "auth.permission",
    "fields": {
        "name": "Can change substitute ingredients",
        "content_type": [
            "recipestepbystep",
            "ingredient"
        ],
        "codename": "change_substituteingredients"
    }
},
{
    "model": "auth.permission",
    "fields": {
        "name": "Can delete substitute ingredients",
        "content_type": [
            "recipestepbystep",
            "ingredient"
        ],
        "codename": "delete_substituteingredients"
    }
},
{
    "model": "auth.permission",
    "fields": {
        "name": "Can view substitute ingredients",
        "content_type": [
            "recipestepbystep",
            "ingredient"
        ],
        "codename": "view_substituteingredients"
    }
},
{
    "model": "auth.permission",
    "fields": {
        "name": "Can add substitute ingredient",
        "content_type": [
            "recipestepbystep",
            "ingredient"
        ],
        "codename": "add_substituteingredient"
    }
},
{
    "model": "auth.permission",
    "fields": {
        "name": "Can change substitute ingredient",
        "content_type": [
            "recipestepbystep",
            "ingredient"
        ],
        "codename": "change_substituteingredient"
    }
},
{
    "model": "auth.permission",
    "fields": {
        "name": "Can delete substitute ingredient",
        "content_type": [
            "recipestepbystep",
            "ingredient"
        ],
        "codename": "delete_substituteingredient"
    }
},
{
    "model": "auth.permission",
    "fields": {
        "name": "Can view substitute ingredient",
        "content_type": [
            "recipestepbystep",
            "ingredient"
        ],
        "codename": "view_substituteingredient"
    }
},
{
    "model": "auth.permission",
    "fields": {
        "name": "Can add substitute cooking method",
        "content_type": [
            "recipestepbystep",
            "substitutecookingmethod"
        ],
        "codename": "add_substitutecookingmethod"
    }
},
{
    "model": "auth.permission",
    "fields": {
        "name": "Can change substitute cooking method",
        "content_type": [
            "recipestepbystep",
            "substitutecookingmethod"
        ],
        "codename": "change_substitutecookingmethod"
    }
},
{
    "model": "auth.permission",
    "fields": {
        "name": "Can delete substitute cooking method",
        "content_type": [
            "recipestepbystep",
            "substitutecookingmethod"
        ],
        "codename": "delete_substitutecookingmethod"
    }
},
{
    "model": "auth.permission",
    "fields": {
        "name": "Can view substitute cooking method",
        "content_type": [
            "recipestepbystep",
            "substitutecookingmethod"
        ],
        "codename": "view_substitutecookingmethod"
    }
},
{
    "model": "auth.permission",
    "fields": {
        "name": "Can add grid analysi",
        "content_type": [
            "selectrecipe",
            "gridanalysi"
        ],
        "codename": "add_gridanalysi"
    }
},
{
    "model": "auth.permission",
    "fields": {
        "name": "Can change grid analysi",
        "content_type": [
            "selectrecipe",
            "gridanalysi"
        ],
        "codename": "change_gridanalysi"
    }
},
{
    "model": "auth.permission",
    "fields": {
        "name": "Can delete grid analysi",
        "content_type": [
            "selectrecipe",
            "gridanalysi"
        ],
        "codename": "delete_gridanalysi"
    }
},
{
    "model": "auth.permission",
    "fields": {
        "name": "Can view grid analysi",
        "content_type": [
            "selectrecipe",
            "gridanalysi"
        ],
        "codename": "view_gridanalysi"
    }
},
{
    "model": "auth.permission",
    "fields": {
        "name": "Can add emissions",
        "content_type": [
            "selectrecipe",
            "emissions"
        ],
        "codename": "add_emissions"
    }
},
{
    "model": "auth.permission",
    "fields": {
        "name": "Can change emissions",
        "content_type": [
            "selectrecipe",
            "emissions"
        ],
        "codename": "change_emissions"
    }
},
{
    "model": "auth.permission",
    "fields": {
        "name": "Can delete emissions",
        "content_type": [
            "selectrecipe",
            "emissions"
        ],
        "codename": "delete_emissions"
    }
},
{
    "model": "auth.permission",
    "fields": {
        "name": "Can view emissions",
        "content_type": [
            "selectrecipe",
            "emissions"
        ],
        "codename": "view_emissions"
    }
},
{
    "model": "auth.permission",
    "fields": {
        "name": "Can add nutrition",
        "content_type": [
            "selectrecipe",
            "nutrition"
        ],
        "codename": "add_nutrition"
    }
},
{
    "model": "auth.permission",
    "fields": {
        "name": "Can change nutrition",
        "content_type": [
            "selectrecipe",
            "nutrition"
        ],
        "codename": "change_nutrition"
    }
},
{
    "model": "auth.permission",
    "fields": {
        "name": "Can delete nutrition",
        "content_type": [
            "selectrecipe",
            "nutrition"
        ],
        "codename": "delete_nutrition"
    }
},
{
    "model": "auth.permission",
    "fields": {
        "name": "Can view nutrition",
        "content_type": [
            "selectrecipe",
            "nutrition"
        ],
        "codename": "view_nutrition"
    }
},
{
    "model": "auth.permission",
    "fields": {
        "name": "Can add location",
        "content_type": [
            "selectrecipe",
            "location"
        ],
        "codename": "add_location"
    }
},
{
    "model": "auth.permission",
    "fields": {
        "name": "Can change location",
        "content_type": [
            "selectrecipe",
            "location"
        ],
        "codename": "change_location"
    }
},
{
    "model": "auth.permission",
    "fields": {
        "name": "Can delete location",
        "content_type": [
            "selectrecipe",
            "location"
        ],
        "codename": "delete_location"
    }
},
{
    "model": "auth.permission",
    "fields": {
        "name": "Can view location",
        "content_type": [
            "selectrecipe",
            "location"
        ],
        "codename": "view_location"
    }
},
{
    "model": "auth.permission",
    "fields": {
        "name": "Can add cooking appliance",
        "content_type": [
            "recipestepbystep",
            "cookingappliance"
        ],
        "codename": "add_cookingappliance"
    }
},
{
    "model": "auth.permission",
    "fields": {
        "name": "Can change cooking appliance",
        "content_type": [
            "recipestepbystep",
            "cookingappliance"
        ],
        "codename": "change_cookingappliance"
    }
},
{
    "model": "auth.permission",
    "fields": {
        "name": "Can delete cooking appliance",
        "content_type": [
            "recipestepbystep",
            "cookingappliance"
        ],
        "codename": "delete_cookingappliance"
    }
},
{
    "model": "auth.permission",
    "fields": {
        "name": "Can view cooking appliance",
        "content_type": [
            "recipestepbystep",
            "cookingappliance"
        ],
        "codename": "view_cookingappliance"
    }
},
{
    "model": "auth.permission",
    "fields": {
        "name": "Can add cooking method",
        "content_type": [
            "recipestepbystep",
            "cookingmethod"
        ],
        "codename": "add_cookingmethod"
    }
},
{
    "model": "auth.permission",
    "fields": {
        "name": "Can change cooking method",
        "content_type": [
            "recipestepbystep",
            "cookingmethod"
        ],
        "codename": "change_cookingmethod"
    }
},
{
    "model": "auth.permission",
    "fields": {
        "name": "Can delete cooking method",
        "content_type": [
            "recipestepbystep",
            "cookingmethod"
        ],
        "codename": "delete_cookingmethod"
    }
},
{
    "model": "auth.permission",
    "fields": {
        "name": "Can view cooking method",
        "content_type": [
            "recipestepbystep",
            "cookingmethod"
        ],
        "codename": "view_cookingmethod"
    }
},
{
    "model": "auth.permission",
    "fields": {
        "name": "Can add diet option",
        "content_type": [
            "recipestepbystep",
            "dietoption"
        ],
        "codename": "add_dietoption"
    }
},
{
    "model": "auth.permission",
    "fields": {
        "name": "Can change diet option",
        "content_type": [
            "recipestepbystep",
            "dietoption"
        ],
        "codename": "change_dietoption"
    }
},
{
    "model": "auth.permission",
    "fields": {
        "name": "Can delete diet option",
        "content_type": [
            "recipestepbystep",
            "dietoption"
        ],
        "codename": "delete_dietoption"
    }
},
{
    "model": "auth.permission",
    "fields": {
        "name": "Can view diet option",
        "content_type": [
            "recipestepbystep",
            "dietoption"
        ],
        "codename": "view_dietoption"
    }
},
{
    "model": "auth.permission",
    "fields": {
        "name": "Can add emissions",
        "content_type": [
            "recipestepbystep",
            "emissions"
        ],
        "codename": "add_emissions"
    }
},
{
    "model": "auth.permission",
    "fields": {
        "name": "Can change emissions",
        "content_type": [
            "recipestepbystep",
            "emissions"
        ],
        "codename": "change_emissions"
    }
},
{
    "model": "auth.permission",
    "fields": {
        "name": "Can delete emissions",
        "content_type": [
            "recipestepbystep",
            "emissions"
        ],
        "codename": "delete_emissions"
    }
},
{
    "model": "auth.permission",
    "fields": {
        "name": "Can view emissions",
        "content_type": [
            "recipestepbystep",
            "emissions"
        ],
        "codename": "view_emissions"
    }
},
{
    "model": "auth.permission",
    "fields": {
        "name": "Can add grid analysi",
        "content_type": [
            "recipestepbystep",
            "gridanalysi"
        ],
        "codename": "add_gridanalysi"
    }
},
{
    "model": "auth.permission",
    "fields": {
        "name": "Can change grid analysi",
        "content_type": [
            "recipestepbystep",
            "gridanalysi"
        ],
        "codename": "change_gridanalysi"
    }
},
{
    "model": "auth.permission",
    "fields": {
        "name": "Can delete grid analysi",
        "content_type": [
            "recipestepbystep",
            "gridanalysi"
        ],
        "codename": "delete_gridanalysi"
    }
},
{
    "model": "auth.permission",
    "fields": {
        "name": "Can view grid analysi",
        "content_type": [
            "recipestepbystep",
            "gridanalysi"
        ],
        "codename": "view_gridanalysi"
    }
},
{
    "model": "auth.permission",
    "fields": {
        "name": "Can add location",
        "content_type": [
            "recipestepbystep",
            "location"
        ],
        "codename": "add_location"
    }
},
{
    "model": "auth.permission",
    "fields": {
        "name": "Can change location",
        "content_type": [
            "recipestepbystep",
            "location"
        ],
        "codename": "change_location"
    }
},
{
    "model": "auth.permission",
    "fields": {
        "name": "Can delete location",
        "content_type": [
            "recipestepbystep",
            "location"
        ],
        "codename": "delete_location"
    }
},
{
    "model": "auth.permission",
    "fields": {
        "name": "Can view location",
        "content_type": [
            "recipestepbystep",
            "location"
        ],
        "codename": "view_location"
    }
},
{
    "model": "auth.permission",
    "fields": {
        "name": "Can add nutrition",
        "content_type": [
            "recipestepbystep",
            "nutrition"
        ],
        "codename": "add_nutrition"
    }
},
{
    "model": "auth.permission",
    "fields": {
        "name": "Can change nutrition",
        "content_type": [
            "recipestepbystep",
            "nutrition"
        ],
        "codename": "change_nutrition"
    }
},
{
    "model": "auth.permission",
    "fields": {
        "name": "Can delete nutrition",
        "content_type": [
            "recipestepbystep",
            "nutrition"
        ],
        "codename": "delete_nutrition"
    }
},
{
    "model": "auth.permission",
    "fields": {
        "name": "Can view nutrition",
        "content_type": [
            "recipestepbystep",
            "nutrition"
        ],
        "codename": "view_nutrition"
    }
},
{
    "model": "auth.permission",
    "fields": {
        "name": "Can add recipe step analysi",
        "content_type": [
            "recipestepbystep",
            "recipestep"
        ],
        "codename": "add_recipestepanalysi"
    }
},
{
    "model": "auth.permission",
    "fields": {
        "name": "Can change recipe step analysi",
        "content_type": [
            "recipestepbystep",
            "recipestep"
        ],
        "codename": "change_recipestepanalysi"
    }
},
{
    "model": "auth.permission",
    "fields": {
        "name": "Can delete recipe step analysi",
        "content_type": [
            "recipestepbystep",
            "recipestep"
        ],
        "codename": "delete_recipestepanalysi"
    }
},
{
    "model": "auth.permission",
    "fields": {
        "name": "Can view recipe step analysi",
        "content_type": [
            "recipestepbystep",
            "recipestep"
        ],
        "codename": "view_recipestepanalysi"
    }
},
{
    "model": "auth.permission",
    "fields": {
        "name": "Can add timeofday",
        "content_type": [
            "recipestepbystep",
            "timeofday"
        ],
        "codename": "add_timeofday"
    }
},
{
    "model": "auth.permission",
    "fields": {
        "name": "Can change timeofday",
        "content_type": [
            "recipestepbystep",
            "timeofday"
        ],
        "codename": "change_timeofday"
    }
},
{
    "model": "auth.permission",
    "fields": {
        "name": "Can delete timeofday",
        "content_type": [
            "recipestepbystep",
            "timeofday"
        ],
        "codename": "delete_timeofday"
    }
},
{
    "model": "auth.permission",
    "fields": {
        "name": "Can view timeofday",
        "content_type": [
            "recipestepbystep",
            "timeofday"
        ],
        "codename": "view_timeofday"
    }
},
{
    "model": "auth.permission",
    "fields": {
        "name": "Can add recipe step",
        "content_type": [
            "recipestepbystep",
            "recipestep"
        ],
        "codename": "add_recipestep"
    }
},
{
    "model": "auth.permission",
    "fields": {
        "name": "Can change recipe step",
        "content_type": [
            "recipestepbystep",
            "recipestep"
        ],
        "codename": "change_recipestep"
    }
},
{
    "model": "auth.permission",
    "fields": {
        "name": "Can delete recipe step",
        "content_type": [
            "recipestepbystep",
            "recipestep"
        ],
        "codename": "delete_recipestep"
    }
},
{
    "model": "auth.permission",
    "fields": {
        "name": "Can view recipe step",
        "content_type": [
            "recipestepbystep",
            "recipestep"
        ],
        "codename": "view_recipestep"
    }
},
{
    "model": "auth.permission",
    "fields": {
        "name": "Can add dashboard stats",
        "content_type": [
            "admin_tools_stats",
            "dashboardstats"
        ],
        "codename": "add_dashboardstats"
    }
},
{
    "model": "auth.permission",
    "fields": {
        "name": "Can change dashboard stats",
        "content_type": [
            "admin_tools_stats",
            "dashboardstats"
        ],
        "codename": "change_dashboardstats"
    }
},
{
    "model": "auth.permission",
    "fields": {
        "name": "Can delete dashboard stats",
        "content_type": [
            "admin_tools_stats",
            "dashboardstats"
        ],
        "codename": "delete_dashboardstats"
    }
},
{
    "model": "auth.permission",
    "fields": {
        "name": "Can view dashboard stats",
        "content_type": [
            "admin_tools_stats",
            "dashboardstats"
        ],
        "codename": "view_dashboardstats"
    }
},
{
    "model": "auth.permission",
    "fields": {
        "name": "Can add dashboard stats criteria",
        "content_type": [
            "admin_tools_stats",
            "dashboardstatscriteria"
        ],
        "codename": "add_dashboardstatscriteria"
    }
},
{
    "model": "auth.permission",
    "fields": {
        "name": "Can change dashboard stats criteria",
        "content_type": [
            "admin_tools_stats",
            "dashboardstatscriteria"
        ],
        "codename": "change_dashboardstatscriteria"
    }
},
{
    "model": "auth.permission",
    "fields": {
        "name": "Can delete dashboard stats criteria",
        "content_type": [
            "admin_tools_stats",
            "dashboardstatscriteria"
        ],
        "codename": "delete_dashboardstatscriteria"
    }
},
{
    "model": "auth.permission",
    "fields": {
        "name": "Can view dashboard stats criteria",
        "content_type": [
            "admin_tools_stats",
            "dashboardstatscriteria"
        ],
        "codename": "view_dashboardstatscriteria"
    }
},
{
    "model": "auth.permission",
    "fields": {
        "name": "Can add criteria to stats m2m",
        "content_type": [
            "admin_tools_stats",
            "criteriatostatsm2m"
        ],
        "codename": "add_criteriatostatsm2m"
    }
},
{
    "model": "auth.permission",
    "fields": {
        "name": "Can change criteria to stats m2m",
        "content_type": [
            "admin_tools_stats",
            "criteriatostatsm2m"
        ],
        "codename": "change_criteriatostatsm2m"
    }
},
{
    "model": "auth.permission",
    "fields": {
        "name": "Can delete criteria to stats m2m",
        "content_type": [
            "admin_tools_stats",
            "criteriatostatsm2m"
        ],
        "codename": "delete_criteriatostatsm2m"
    }
},
{
    "model": "auth.permission",
    "fields": {
        "name": "Can view criteria to stats m2m",
        "content_type": [
            "admin_tools_stats",
            "criteriatostatsm2m"
        ],
        "codename": "view_criteriatostatsm2m"
    }
},
{
    "model": "auth.permission",
    "fields": {
        "name": "Can add cached value",
        "content_type": [
            "admin_tools_stats",
            "cachedvalue"
        ],
        "codename": "add_cachedvalue"
    }
},
{
    "model": "auth.permission",
    "fields": {
        "name": "Can change cached value",
        "content_type": [
            "admin_tools_stats",
            "cachedvalue"
        ],
        "codename": "change_cachedvalue"
    }
},
{
    "model": "auth.permission",
    "fields": {
        "name": "Can delete cached value",
        "content_type": [
            "admin_tools_stats",
            "cachedvalue"
        ],
        "codename": "delete_cachedvalue"
    }
},
{
    "model": "auth.permission",
    "fields": {
        "name": "Can view cached value",
        "content_type": [
            "admin_tools_stats",
            "cachedvalue"
        ],
        "codename": "view_cachedvalue"
    }
},
{
    "model": "auth.permission",
    "fields": {
        "name": "Can add ingredient",
        "content_type": [
            "recipestepbystep",
            "ingredient"
        ],
        "codename": "add_ingredient"
    }
},
{
    "model": "auth.permission",
    "fields": {
        "name": "Can change ingredient",
        "content_type": [
            "recipestepbystep",
            "ingredient"
        ],
        "codename": "change_ingredient"
    }
},
{
    "model": "auth.permission",
    "fields": {
        "name": "Can delete ingredient",
        "content_type": [
            "recipestepbystep",
            "ingredient"
        ],
        "codename": "delete_ingredient"
    }
},
{
    "model": "auth.permission",
    "fields": {
        "name": "Can view ingredient",
        "content_type": [
            "recipestepbystep",
            "ingredient"
        ],
        "codename": "view_ingredient"
    }
},
{
    "model": "auth.permission",
    "fields": {
        "name": "Can add ingredient substitutes",
        "content_type": [
            "recipestepbystep",
            "ingredientsubstitute"
        ],
        "codename": "add_ingredientsubstitutes"
    }
},
{
    "model": "auth.permission",
    "fields": {
        "name": "Can change ingredient substitutes",
        "content_type": [
            "recipestepbystep",
            "ingredientsubstitute"
        ],
        "codename": "change_ingredientsubstitutes"
    }
},
{
    "model": "auth.permission",
    "fields": {
        "name": "Can delete ingredient substitutes",
        "content_type": [
            "recipestepbystep",
            "ingredientsubstitute"
        ],
        "codename": "delete_ingredientsubstitutes"
    }
},
{
    "model": "auth.permission",
    "fields": {
        "name": "Can view ingredient substitutes",
        "content_type": [
            "recipestepbystep",
            "ingredientsubstitute"
        ],
        "codename": "view_ingredientsubstitutes"
    }
},
{
    "model": "auth.permission",
    "fields": {
        "name": "Can add recipe ingredient",
        "content_type": [
            "recipestepbystep",
            "recipeingredient"
        ],
        "codename": "add_recipeingredient"
    }
},
{
    "model": "auth.permission",
    "fields": {
        "name": "Can change recipe ingredient",
        "content_type": [
            "recipestepbystep",
            "recipeingredient"
        ],
        "codename": "change_recipeingredient"
    }
},
{
    "model": "auth.permission",
    "fields": {
        "name": "Can delete recipe ingredient",
        "content_type": [
            "recipestepbystep",
            "recipeingredient"
        ],
        "codename": "delete_recipeingredient"
    }
},
{
    "model": "auth.permission",
    "fields": {
        "name": "Can view recipe ingredient",
        "content_type": [
            "recipestepbystep",
            "recipeingredient"
        ],
        "codename": "view_recipeingredient"
    }
},
{
    "model": "auth.permission",
    "fields": {
        "name": "Can add recipe",
        "content_type": [
            "recipeanalyser",
            "recipe"
        ],
        "codename": "add_recipe"
    }
},
{
    "model": "auth.permission",
    "fields": {
        "name": "Can change recipe",
        "content_type": [
            "recipeanalyser",
            "recipe"
        ],
        "codename": "change_recipe"
    }
},
{
    "model": "auth.permission",
    "fields": {
        "name": "Can delete recipe",
        "content_type": [
            "recipeanalyser",
            "recipe"
        ],
        "codename": "delete_recipe"
    }
},
{
    "model": "auth.permission",
    "fields": {
        "name": "Can view recipe",
        "content_type": [
            "recipeanalyser",
            "recipe"
        ],
        "codename": "view_recipe"
    }
},
{
    "model": "auth.permission",
    "fields": {
        "name": "Can add substitute cooking method",
        "content_type": [
            "recipeanalyser",
            "substitutecookingmethod"
        ],
        "codename": "add_substitutecookingmethod"
    }
},
{
    "model": "auth.permission",
    "fields": {
        "name": "Can change substitute cooking method",
        "content_type": [
            "recipeanalyser",
            "substitutecookingmethod"
        ],
        "codename": "change_substitutecookingmethod"
    }
},
{
    "model": "auth.permission",
    "fields": {
        "name": "Can delete substitute cooking method",
        "content_type": [
            "recipeanalyser",
            "substitutecookingmethod"
        ],
        "codename": "delete_substitutecookingmethod"
    }
},
{
    "model": "auth.permission",
    "fields": {
        "name": "Can view substitute cooking method",
        "content_type": [
            "recipeanalyser",
            "substitutecookingmethod"
        ],
        "codename": "view_substitutecookingmethod"
    }
},
{
    "model": "auth.permission",
    "fields": {
        "name": "Can add cooking appliance",
        "content_type": [
            "recipeanalyser",
            "cookingappliance"
        ],
        "codename": "add_cookingappliance"
    }
},
{
    "model": "auth.permission",
    "fields": {
        "name": "Can change cooking appliance",
        "content_type": [
            "recipeanalyser",
            "cookingappliance"
        ],
        "codename": "change_cookingappliance"
    }
},
{
    "model": "auth.permission",
    "fields": {
        "name": "Can delete cooking appliance",
        "content_type": [
            "recipeanalyser",
            "cookingappliance"
        ],
        "codename": "delete_cookingappliance"
    }
},
{
    "model": "auth.permission",
    "fields": {
        "name": "Can view cooking appliance",
        "content_type": [
            "recipeanalyser",
            "cookingappliance"
        ],
        "codename": "view_cookingappliance"
    }
},
{
    "model": "auth.permission",
    "fields": {
        "name": "Can add location",
        "content_type": [
            "recipeanalyser",
            "location"
        ],
        "codename": "add_location"
    }
},
{
    "model": "auth.permission",
    "fields": {
        "name": "Can change location",
        "content_type": [
            "recipeanalyser",
            "location"
        ],
        "codename": "change_location"
    }
},
{
    "model": "auth.permission",
    "fields": {
        "name": "Can delete location",
        "content_type": [
            "recipeanalyser",
            "location"
        ],
        "codename": "delete_location"
    }
},
{
    "model": "auth.permission",
    "fields": {
        "name": "Can view location",
        "content_type": [
            "recipeanalyser",
            "location"
        ],
        "codename": "view_location"
    }
},
{
    "model": "auth.permission",
    "fields": {
        "name": "Can add timeofday",
        "content_type": [
            "recipeanalyser",
            "timeofday"
        ],
        "codename": "add_timeofday"
    }
},
{
    "model": "auth.permission",
    "fields": {
        "name": "Can change timeofday",
        "content_type": [
            "recipeanalyser",
            "timeofday"
        ],
        "codename": "change_timeofday"
    }
},
{
    "model": "auth.permission",
    "fields": {
        "name": "Can delete timeofday",
        "content_type": [
            "recipeanalyser",
            "timeofday"
        ],
        "codename": "delete_timeofday"
    }
},
{
    "model": "auth.permission",
    "fields": {
        "name": "Can view timeofday",
        "content_type": [
            "recipeanalyser",
            "timeofday"
        ],
        "codename": "view_timeofday"
    }
},
{
    "model": "auth.permission",
    "fields": {
        "name": "Can add recipe step",
        "content_type": [
            "recipeanalyser",
            "recipestep"
        ],
        "codename": "add_recipestep"
    }
},
{
    "model": "auth.permission",
    "fields": {
        "name": "Can change recipe step",
        "content_type": [
            "recipeanalyser",
            "recipestep"
        ],
        "codename": "change_recipestep"
    }
},
{
    "model": "auth.permission",
    "fields": {
        "name": "Can delete recipe step",
        "content_type": [
            "recipeanalyser",
            "recipestep"
        ],
        "codename": "delete_recipestep"
    }
},
{
    "model": "auth.permission",
    "fields": {
        "name": "Can view recipe step",
        "content_type": [
            "recipeanalyser",
            "recipestep"
        ],
        "codename": "view_recipestep"
    }
},
{
    "model": "auth.permission",
    "fields": {
        "name": "Can add cooking method",
        "content_type": [
            "recipeanalyser",
            "cookingmethod"
        ],
        "codename": "add_cookingmethod"
    }
},
{
    "model": "auth.permission",
    "fields": {
        "name": "Can change cooking method",
        "content_type": [
            "recipeanalyser",
            "cookingmethod"
        ],
        "codename": "change_cookingmethod"
    }
},
{
    "model": "auth.permission",
    "fields": {
        "name": "Can delete cooking method",
        "content_type": [
            "recipeanalyser",
            "cookingmethod"
        ],
        "codename": "delete_cookingmethod"
    }
},
{
    "model": "auth.permission",
    "fields": {
        "name": "Can view cooking method",
        "content_type": [
            "recipeanalyser",
            "cookingmethod"
        ],
        "codename": "view_cookingmethod"
    }
},
{
    "model": "auth.permission",
    "fields": {
        "name": "Can add ingredient",
        "content_type": [
            "recipeanalyser",
            "ingredient"
        ],
        "codename": "add_ingredient"
    }
},
{
    "model": "auth.permission",
    "fields": {
        "name": "Can change ingredient",
        "content_type": [
            "recipeanalyser",
            "ingredient"
        ],
        "codename": "change_ingredient"
    }
},
{
    "model": "auth.permission",
    "fields": {
        "name": "Can delete ingredient",
        "content_type": [
            "recipeanalyser",
            "ingredient"
        ],
        "codename": "delete_ingredient"
    }
},
{
    "model": "auth.permission",
    "fields": {
        "name": "Can view ingredient",
        "content_type": [
            "recipeanalyser",
            "ingredient"
        ],
        "codename": "view_ingredient"
    }
},
{
    "model": "auth.permission",
    "fields": {
        "name": "Can add ingredient substitutes",
        "content_type": [
            "recipeanalyser",
            "ingredientsubstitutes"
        ],
        "codename": "add_ingredientsubstitutes"
    }
},
{
    "model": "auth.permission",
    "fields": {
        "name": "Can change ingredient substitutes",
        "content_type": [
            "recipeanalyser",
            "ingredientsubstitutes"
        ],
        "codename": "change_ingredientsubstitutes"
    }
},
{
    "model": "auth.permission",
    "fields": {
        "name": "Can delete ingredient substitutes",
        "content_type": [
            "recipeanalyser",
            "ingredientsubstitutes"
        ],
        "codename": "delete_ingredientsubstitutes"
    }
},
{
    "model": "auth.permission",
    "fields": {
        "name": "Can view ingredient substitutes",
        "content_type": [
            "recipeanalyser",
            "ingredientsubstitutes"
        ],
        "codename": "view_ingredientsubstitutes"
    }
},
{
    "model": "auth.permission",
    "fields": {
        "name": "Can add recipe step2",
        "content_type": [
            "recipestepbystep",
            "recipestep2"
        ],
        "codename": "add_recipestep2"
    }
},
{
    "model": "auth.permission",
    "fields": {
        "name": "Can change recipe step2",
        "content_type": [
            "recipestepbystep",
            "recipestep2"
        ],
        "codename": "change_recipestep2"
    }
},
{
    "model": "auth.permission",
    "fields": {
        "name": "Can delete recipe step2",
        "content_type": [
            "recipestepbystep",
            "recipestep2"
        ],
        "codename": "delete_recipestep2"
    }
},
{
    "model": "auth.permission",
    "fields": {
        "name": "Can view recipe step2",
        "content_type": [
            "recipestepbystep",
            "recipestep2"
        ],
        "codename": "view_recipestep2"
    }
},
{
    "model": "auth.permission",
    "fields": {
        "name": "Can add nutrient",
        "content_type": [
            "recipestepbystep",
            "nutrient"
        ],
        "codename": "add_nutrient"
    }
},
{
    "model": "auth.permission",
    "fields": {
        "name": "Can change nutrient",
        "content_type": [
            "recipestepbystep",
            "nutrient"
        ],
        "codename": "change_nutrient"
    }
},
{
    "model": "auth.permission",
    "fields": {
        "name": "Can delete nutrient",
        "content_type": [
            "recipestepbystep",
            "nutrient"
        ],
        "codename": "delete_nutrient"
    }
},
{
    "model": "auth.permission",
    "fields": {
        "name": "Can view nutrient",
        "content_type": [
            "recipestepbystep",
            "nutrient"
        ],
        "codename": "view_nutrient"
    }
},
{
    "model": "auth.permission",
    "fields": {
        "name": "Can add ingredient substitute",
        "content_type": [
            "recipestepbystep",
            "ingredientsubstitute"
        ],
        "codename": "add_ingredientsubstitute"
    }
},
{
    "model": "auth.permission",
    "fields": {
        "name": "Can change ingredient substitute",
        "content_type": [
            "recipestepbystep",
            "ingredientsubstitute"
        ],
        "codename": "change_ingredientsubstitute"
    }
},
{
    "model": "auth.permission",
    "fields": {
        "name": "Can delete ingredient substitute",
        "content_type": [
            "recipestepbystep",
            "ingredientsubstitute"
        ],
        "codename": "delete_ingredientsubstitute"
    }
},
{
    "model": "auth.permission",
    "fields": {
        "name": "Can view ingredient substitute",
        "content_type": [
            "recipestepbystep",
            "ingredientsubstitute"
        ],
        "codename": "view_ingredientsubstitute"
    }
},
{
    "model": "auth.user",
    "fields": {
        "password": "pbkdf2_sha256$1000000$5Ai1Npyqcd7CK09OZMi5l4$0Jv43g/1SsWLWHP7KBuRUplT9twuKqCMQZ+YjQtP8p0=",
        "last_login": "2025-08-30T14:56:31.375Z",
        "is_superuser": true,
        "username": "admin",
        "first_name": "",
        "last_name": "",
        "email": "ecorecipes@gmail.com",
        "is_staff": true,
        "is_active": true,
        "date_joined": "2025-07-19T22:36:19Z",
        "groups": [],
        "user_permissions": []
    }
},
{
    "model": "auth.user",
    "fields": {
        "password": "pbkdf2_sha256$1000000$0mMcY2yA3b3nqRcDFE1aod$jtdAcnVrhAKf8/SOYIotIfKl5SaHpOeobhWvi9EvIKE=",
        "last_login": "2025-08-20T22:56:20.055Z",
        "is_superuser": true,
        "username": "ecorecipes",
        "first_name": "",
        "last_name": "",
        "email": "ecorecipes@admin.com",
        "is_staff": true,
        "is_active": true,
        "date_joined": "2025-08-20T21:30:35.428Z",
        "groups": [],
        "user_permissions": []
    }
},
{
    "model": "auth.user",
    "fields": {
        "password": "pbkdf2_sha256$1000000$vJUP3seGAb2KXKMpNkcfGQ$dxYQYqj0TcmoPUHl4PVkagwaX1WYY0GRHCm+rTJ1bm4=",
        "last_login": null,
        "is_superuser": true,
        "username": "EcoRecipes",
        "first_name": "",
        "last_name": "",
        "email": "EcoRecipes@gmail.com",
        "is_staff": true,
        "is_active": true,
        "date_joined": "2025-08-27T01:26:27.386Z",
        "groups": [],
        "user_permissions": []
    }
},
{
    "model": "admin.logentry",
    "pk": 1,
    "fields": {
        "action_time": "2025-07-19T22:55:51.242Z",
        "user": [
            "admin"
        ],
        "content_type": [
            "recipestepbystep",
            "ingredient"
        ],
        "object_id": "1",
        "object_repr": "Sub_Ingredient object (1)",
        "action_flag": 1,
        "change_message": "[{\"added\": {}}]"
    }
},
{
    "model": "admin.logentry",
    "pk": 2,
    "fields": {
        "action_time": "2025-07-19T22:55:57.797Z",
        "user": [
            "admin"
        ],
        "content_type": [
            "recipestepbystep",
            "ingredient"
        ],
        "object_id": "1",
        "object_repr": "Sub_Ingredient object (1)",
        "action_flag": 2,
        "change_message": "[]"
    }
},
{
    "model": "admin.logentry",
    "pk": 3,
    "fields": {
        "action_time": "2025-07-19T22:58:09.742Z",
        "user": [
            "admin"
        ],
        "content_type": [
            "recipestepbystep",
            "recipe"
        ],
        "object_id": "1",
        "object_repr": "Recipe object (1)",
        "action_flag": 1,
        "change_message": "[{\"added\": {}}]"
    }
},
{
    "model": "admin.logentry",
    "pk": 4,
    "fields": {
        "action_time": "2025-07-19T23:01:09.246Z",
        "user": [
            "admin"
        ],
        "content_type": [
            "recipestepbystep",
            "recipe"
        ],
        "object_id": "1",
        "object_repr": "Recipe object (1)",
        "action_flag": 2,
        "change_message": "[{\"changed\": {\"fields\": [\"Image url\"]}}]"
    }
},
{
    "model": "admin.logentry",
    "pk": 5,
    "fields": {
        "action_time": "2025-07-20T00:00:42.561Z",
        "user": [
            "admin"
        ],
        "content_type": [
            "recipestepbystep",
            "sub_cookingmethod"
        ],
        "object_id": "1",
        "object_repr": "Sub_CookingMethod object (1)",
        "action_flag": 1,
        "change_message": "[{\"added\": {}}]"
    }
},
{
    "model": "admin.logentry",
    "pk": 6,
    "fields": {
        "action_time": "2025-07-20T20:59:19.079Z",
        "user": [
            "admin"
        ],
        "content_type": [
            "recipestepbystep",
            "recipe"
        ],
        "object_id": "1",
        "object_repr": "Recipe object (1)",
        "action_flag": 2,
        "change_message": "[{\"changed\": {\"fields\": [\"Duration\"]}}]"
    }
},
{
    "model": "admin.logentry",
    "pk": 7,
    "fields": {
        "action_time": "2025-07-20T21:13:15.261Z",
        "user": [
            "admin"
        ],
        "content_type": [
            "recipestepbystep",
            "recipe"
        ],
        "object_id": "2",
        "object_repr": "Recipe object (2)",
        "action_flag": 1,
        "change_message": "[{\"added\": {}}]"
    }
},
{
    "model": "admin.logentry",
    "pk": 8,
    "fields": {
        "action_time": "2025-07-20T21:14:32.728Z",
        "user": [
            "admin"
        ],
        "content_type": [
            "recipestepbystep",
            "recipe"
        ],
        "object_id": "2",
        "object_repr": "Recipe object (2)",
        "action_flag": 2,
        "change_message": "[{\"changed\": {\"fields\": [\"Duration\"]}}]"
    }
},
{
    "model": "admin.logentry",
    "pk": 9,
    "fields": {
        "action_time": "2025-07-20T21:36:23.082Z",
        "user": [
            "admin"
        ],
        "content_type": [
            "recipestepbystep",
            "recipe"
        ],
        "object_id": "2",
        "object_repr": "Recipe object (2)",
        "action_flag": 2,
        "change_message": "[{\"changed\": {\"fields\": [\"Foodtags\"]}}]"
    }
},
{
    "model": "admin.logentry",
    "pk": 10,
    "fields": {
        "action_time": "2025-07-20T22:27:15.290Z",
        "user": [
            "admin"
        ],
        "content_type": [
            "recipestepbystep",
            "substitutecookingmethod"
        ],
        "object_id": "1",
        "object_repr": "SubstituteCookingMethod object (1)",
        "action_flag": 1,
        "change_message": "[{\"added\": {}}]"
    }
},
{
    "model": "admin.logentry",
    "pk": 11,
    "fields": {
        "action_time": "2025-07-20T22:36:06.454Z",
        "user": [
            "admin"
        ],
        "content_type": [
            "recipestepbystep",
            "substitutecookingmethod"
        ],
        "object_id": "1",
        "object_repr": "SubstituteCookingMethod object (1)",
        "action_flag": 2,
        "change_message": "[{\"changed\": {\"fields\": [\"Substitute cooking method\"]}}]"
    }
},
{
    "model": "admin.logentry",
    "pk": 12,
    "fields": {
        "action_time": "2025-07-20T22:36:31.080Z",
        "user": [
            "admin"
        ],
        "content_type": [
            "recipestepbystep",
            "ingredient"
        ],
        "object_id": "1",
        "object_repr": "SubstituteIngredient object (1)",
        "action_flag": 2,
        "change_message": "[{\"changed\": {\"fields\": [\"Nutritional value\", \"Emissions\"]}}]"
    }
},
{
    "model": "admin.logentry",
    "pk": 13,
    "fields": {
        "action_time": "2025-07-21T12:10:19.768Z",
        "user": [
            "admin"
        ],
        "content_type": [
            "recipestepbystep",
            "recipe"
        ],
        "object_id": "2",
        "object_repr": "Recipe object (2)",
        "action_flag": 2,
        "change_message": "[{\"changed\": {\"fields\": [\"Name\", \"Colour code emissions\", \"Colour code nutrition\"]}}]"
    }
},
{
    "model": "admin.logentry",
    "pk": 14,
    "fields": {
        "action_time": "2025-07-21T12:10:30.841Z",
        "user": [
            "admin"
        ],
        "content_type": [
            "recipestepbystep",
            "recipe"
        ],
        "object_id": "1",
        "object_repr": "Recipe object (1)",
        "action_flag": 2,
        "change_message": "[{\"changed\": {\"fields\": [\"Colour code emissions\", \"Colour code nutrition\"]}}]"
    }
},
{
    "model": "admin.logentry",
    "pk": 15,
    "fields": {
        "action_time": "2025-07-26T12:19:35.263Z",
        "user": [
            "admin"
        ],
        "content_type": [
            "recipestepbystep",
            "ingredient"
        ],
        "object_id": "1",
        "object_repr": "SubstituteIngredient object (1)",
        "action_flag": 2,
        "change_message": "[{\"changed\": {\"fields\": [\"Ingredient\", \"Substitute ingredient\"]}}]"
    }
},
{
    "model": "admin.logentry",
    "pk": 16,
    "fields": {
        "action_time": "2025-07-26T12:19:55.531Z",
        "user": [
            "admin"
        ],
        "content_type": [
            "recipestepbystep",
            "ingredient"
        ],
        "object_id": "1",
        "object_repr": "SubstituteIngredient object (1)",
        "action_flag": 2,
        "change_message": "[{\"changed\": {\"fields\": [\"Substitute ingredient type\"]}}]"
    }
},
{
    "model": "admin.logentry",
    "pk": 17,
    "fields": {
        "action_time": "2025-07-26T12:28:41.397Z",
        "user": [
            "admin"
        ],
        "content_type": [
            "recipestepbystep",
            "recipe"
        ],
        "object_id": "2",
        "object_repr": "Recipe object (2)",
        "action_flag": 2,
        "change_message": "[{\"changed\": {\"fields\": [\"Step 1\", \"Step 2\", \"Step 3\"]}}]"
    }
},
{
    "model": "admin.logentry",
    "pk": 18,
    "fields": {
        "action_time": "2025-07-26T12:40:55.344Z",
        "user": [
            "admin"
        ],
        "content_type": [
            "recipestepbystep",
            "recipe"
        ],
        "object_id": "2",
        "object_repr": "Recipe object (2)",
        "action_flag": 2,
        "change_message": "[{\"changed\": {\"fields\": [\"Step 1\", \"Step 2\", \"Step 3\", \"Step 4\", \"Step 5\"]}}]"
    }
},
{
    "model": "admin.logentry",
    "pk": 19,
    "fields": {
        "action_time": "2025-07-26T12:44:12.899Z",
        "user": [
            "admin"
        ],
        "content_type": [
            "recipestepbystep",
            "recipe"
        ],
        "object_id": "1",
        "object_repr": "Recipe object (1)",
        "action_flag": 2,
        "change_message": "[{\"changed\": {\"fields\": [\"Cooking time\"]}}]"
    }
},
{
    "model": "admin.logentry",
    "pk": 20,
    "fields": {
        "action_time": "2025-07-26T12:44:26.977Z",
        "user": [
            "admin"
        ],
        "content_type": [
            "recipestepbystep",
            "recipe"
        ],
        "object_id": "2",
        "object_repr": "Recipe object (2)",
        "action_flag": 2,
        "change_message": "[{\"changed\": {\"fields\": [\"Cooking prep\"]}}]"
    }
},
{
    "model": "admin.logentry",
    "pk": 21,
    "fields": {
        "action_time": "2025-07-26T12:51:18.650Z",
        "user": [
            "admin"
        ],
        "content_type": [
            "recipestepbystep",
            "recipe"
        ],
        "object_id": "2",
        "object_repr": "Recipe object (2)",
        "action_flag": 2,
        "change_message": "[{\"changed\": {\"fields\": [\"Step 1\", \"Step 2\", \"Step 3\", \"Step 4\", \"Step 5\"]}}]"
    }
},
{
    "model": "admin.logentry",
    "pk": 22,
    "fields": {
        "action_time": "2025-07-26T12:56:27.566Z",
        "user": [
            "admin"
        ],
        "content_type": [
            "recipestepbystep",
            "location"
        ],
        "object_id": "1",
        "object_repr": "Location object (1)",
        "action_flag": 1,
        "change_message": "[{\"added\": {}}]"
    }
},
{
    "model": "admin.logentry",
    "pk": 23,
    "fields": {
        "action_time": "2025-07-26T12:56:46.346Z",
        "user": [
            "admin"
        ],
        "content_type": [
            "recipestepbystep",
            "location"
        ],
        "object_id": "2",
        "object_repr": "Location object (2)",
        "action_flag": 1,
        "change_message": "[{\"added\": {}}]"
    }
},
{
    "model": "admin.logentry",
    "pk": 24,
    "fields": {
        "action_time": "2025-07-26T12:56:57.212Z",
        "user": [
            "admin"
        ],
        "content_type": [
            "recipestepbystep",
            "location"
        ],
        "object_id": "3",
        "object_repr": "Location object (3)",
        "action_flag": 1,
        "change_message": "[{\"added\": {}}]"
    }
},
{
    "model": "admin.logentry",
    "pk": 25,
    "fields": {
        "action_time": "2025-07-26T12:57:01.436Z",
        "user": [
            "admin"
        ],
        "content_type": [
            "recipestepbystep",
            "location"
        ],
        "object_id": "4",
        "object_repr": "Location object (4)",
        "action_flag": 1,
        "change_message": "[{\"added\": {}}]"
    }
},
{
    "model": "admin.logentry",
    "pk": 26,
    "fields": {
        "action_time": "2025-07-26T12:57:04.952Z",
        "user": [
            "admin"
        ],
        "content_type": [
            "recipestepbystep",
            "location"
        ],
        "object_id": "5",
        "object_repr": "Location object (5)",
        "action_flag": 1,
        "change_message": "[{\"added\": {}}]"
    }
},
{
    "model": "admin.logentry",
    "pk": 27,
    "fields": {
        "action_time": "2025-07-26T13:02:24.802Z",
        "user": [
            "admin"
        ],
        "content_type": [
            "recipestepbystep",
            "timeofday"
        ],
        "object_id": "1",
        "object_repr": "Timeofday object (1)",
        "action_flag": 1,
        "change_message": "[{\"added\": {}}]"
    }
},
{
    "model": "admin.logentry",
    "pk": 28,
    "fields": {
        "action_time": "2025-07-26T13:02:36.066Z",
        "user": [
            "admin"
        ],
        "content_type": [
            "recipestepbystep",
            "timeofday"
        ],
        "object_id": "2",
        "object_repr": "Timeofday object (2)",
        "action_flag": 1,
        "change_message": "[{\"added\": {}}]"
    }
},
{
    "model": "admin.logentry",
    "pk": 29,
    "fields": {
        "action_time": "2025-07-26T13:02:42.241Z",
        "user": [
            "admin"
        ],
        "content_type": [
            "recipestepbystep",
            "timeofday"
        ],
        "object_id": "3",
        "object_repr": "Timeofday object (3)",
        "action_flag": 1,
        "change_message": "[{\"added\": {}}]"
    }
},
{
    "model": "admin.logentry",
    "pk": 30,
    "fields": {
        "action_time": "2025-07-26T13:02:51.655Z",
        "user": [
            "admin"
        ],
        "content_type": [
            "recipestepbystep",
            "timeofday"
        ],
        "object_id": "4",
        "object_repr": "Timeofday object (4)",
        "action_flag": 1,
        "change_message": "[{\"added\": {}}]"
    }
},
{
    "model": "admin.logentry",
    "pk": 31,
    "fields": {
        "action_time": "2025-07-26T13:02:57.094Z",
        "user": [
            "admin"
        ],
        "content_type": [
            "recipestepbystep",
            "timeofday"
        ],
        "object_id": "5",
        "object_repr": "Timeofday object (5)",
        "action_flag": 1,
        "change_message": "[{\"added\": {}}]"
    }
},
{
    "model": "admin.logentry",
    "pk": 32,
    "fields": {
        "action_time": "2025-07-26T13:03:04.945Z",
        "user": [
            "admin"
        ],
        "content_type": [
            "recipestepbystep",
            "timeofday"
        ],
        "object_id": "6",
        "object_repr": "Timeofday object (6)",
        "action_flag": 1,
        "change_message": "[{\"added\": {}}]"
    }
},
{
    "model": "admin.logentry",
    "pk": 33,
    "fields": {
        "action_time": "2025-07-26T13:03:10.842Z",
        "user": [
            "admin"
        ],
        "content_type": [
            "recipestepbystep",
            "timeofday"
        ],
        "object_id": "7",
        "object_repr": "Timeofday object (7)",
        "action_flag": 1,
        "change_message": "[{\"added\": {}}]"
    }
},
{
    "model": "admin.logentry",
    "pk": 34,
    "fields": {
        "action_time": "2025-07-26T13:03:18.937Z",
        "user": [
            "admin"
        ],
        "content_type": [
            "recipestepbystep",
            "timeofday"
        ],
        "object_id": "8",
        "object_repr": "Timeofday object (8)",
        "action_flag": 1,
        "change_message": "[{\"added\": {}}]"
    }
},
{
    "model": "admin.logentry",
    "pk": 35,
    "fields": {
        "action_time": "2025-07-26T13:03:24.864Z",
        "user": [
            "admin"
        ],
        "content_type": [
            "recipestepbystep",
            "timeofday"
        ],
        "object_id": "9",
        "object_repr": "Timeofday object (9)",
        "action_flag": 1,
        "change_message": "[{\"added\": {}}]"
    }
},
{
    "model": "admin.logentry",
    "pk": 36,
    "fields": {
        "action_time": "2025-07-26T13:03:30.984Z",
        "user": [
            "admin"
        ],
        "content_type": [
            "recipestepbystep",
            "timeofday"
        ],
        "object_id": "10",
        "object_repr": "Timeofday object (10)",
        "action_flag": 1,
        "change_message": "[{\"added\": {}}]"
    }
},
{
    "model": "admin.logentry",
    "pk": 37,
    "fields": {
        "action_time": "2025-07-26T13:03:36.472Z",
        "user": [
            "admin"
        ],
        "content_type": [
            "recipestepbystep",
            "timeofday"
        ],
        "object_id": "11",
        "object_repr": "Timeofday object (11)",
        "action_flag": 1,
        "change_message": "[{\"added\": {}}]"
    }
},
{
    "model": "admin.logentry",
    "pk": 38,
    "fields": {
        "action_time": "2025-07-26T13:03:45.490Z",
        "user": [
            "admin"
        ],
        "content_type": [
            "recipestepbystep",
            "timeofday"
        ],
        "object_id": "12",
        "object_repr": "Timeofday object (12)",
        "action_flag": 1,
        "change_message": "[{\"added\": {}}]"
    }
},
{
    "model": "admin.logentry",
    "pk": 39,
    "fields": {
        "action_time": "2025-07-26T13:03:50.670Z",
        "user": [
            "admin"
        ],
        "content_type": [
            "recipestepbystep",
            "timeofday"
        ],
        "object_id": "13",
        "object_repr": "Timeofday object (13)",
        "action_flag": 1,
        "change_message": "[{\"added\": {}}]"
    }
},
{
    "model": "admin.logentry",
    "pk": 40,
    "fields": {
        "action_time": "2025-07-26T13:03:54.298Z",
        "user": [
            "admin"
        ],
        "content_type": [
            "recipestepbystep",
            "timeofday"
        ],
        "object_id": "14",
        "object_repr": "Timeofday object (14)",
        "action_flag": 1,
        "change_message": "[{\"added\": {}}]"
    }
},
{
    "model": "admin.logentry",
    "pk": 41,
    "fields": {
        "action_time": "2025-07-26T13:03:59.820Z",
        "user": [
            "admin"
        ],
        "content_type": [
            "recipestepbystep",
            "timeofday"
        ],
        "object_id": "15",
        "object_repr": "Timeofday object (15)",
        "action_flag": 1,
        "change_message": "[{\"added\": {}}]"
    }
},
{
    "model": "admin.logentry",
    "pk": 42,
    "fields": {
        "action_time": "2025-07-26T13:04:04.335Z",
        "user": [
            "admin"
        ],
        "content_type": [
            "recipestepbystep",
            "timeofday"
        ],
        "object_id": "16",
        "object_repr": "Timeofday object (16)",
        "action_flag": 1,
        "change_message": "[{\"added\": {}}]"
    }
},
{
    "model": "admin.logentry",
    "pk": 43,
    "fields": {
        "action_time": "2025-07-26T13:04:07.987Z",
        "user": [
            "admin"
        ],
        "content_type": [
            "recipestepbystep",
            "timeofday"
        ],
        "object_id": "17",
        "object_repr": "Timeofday object (17)",
        "action_flag": 1,
        "change_message": "[{\"added\": {}}]"
    }
},
{
    "model": "admin.logentry",
    "pk": 44,
    "fields": {
        "action_time": "2025-07-26T13:04:11.909Z",
        "user": [
            "admin"
        ],
        "content_type": [
            "recipestepbystep",
            "timeofday"
        ],
        "object_id": "18",
        "object_repr": "Timeofday object (18)",
        "action_flag": 1,
        "change_message": "[{\"added\": {}}]"
    }
},
{
    "model": "admin.logentry",
    "pk": 45,
    "fields": {
        "action_time": "2025-07-26T13:04:16.143Z",
        "user": [
            "admin"
        ],
        "content_type": [
            "recipestepbystep",
            "timeofday"
        ],
        "object_id": "19",
        "object_repr": "Timeofday object (19)",
        "action_flag": 1,
        "change_message": "[{\"added\": {}}]"
    }
},
{
    "model": "admin.logentry",
    "pk": 46,
    "fields": {
        "action_time": "2025-07-26T13:04:19.989Z",
        "user": [
            "admin"
        ],
        "content_type": [
            "recipestepbystep",
            "timeofday"
        ],
        "object_id": "20",
        "object_repr": "Timeofday object (20)",
        "action_flag": 1,
        "change_message": "[{\"added\": {}}]"
    }
},
{
    "model": "admin.logentry",
    "pk": 47,
    "fields": {
        "action_time": "2025-07-26T13:04:29.245Z",
        "user": [
            "admin"
        ],
        "content_type": [
            "recipestepbystep",
            "timeofday"
        ],
        "object_id": "21",
        "object_repr": "Timeofday object (21)",
        "action_flag": 1,
        "change_message": "[{\"added\": {}}]"
    }
},
{
    "model": "admin.logentry",
    "pk": 48,
    "fields": {
        "action_time": "2025-07-26T13:04:33.720Z",
        "user": [
            "admin"
        ],
        "content_type": [
            "recipestepbystep",
            "timeofday"
        ],
        "object_id": "22",
        "object_repr": "Timeofday object (22)",
        "action_flag": 1,
        "change_message": "[{\"added\": {}}]"
    }
},
{
    "model": "admin.logentry",
    "pk": 49,
    "fields": {
        "action_time": "2025-07-26T13:04:36.978Z",
        "user": [
            "admin"
        ],
        "content_type": [
            "recipestepbystep",
            "timeofday"
        ],
        "object_id": "23",
        "object_repr": "Timeofday object (23)",
        "action_flag": 1,
        "change_message": "[{\"added\": {}}]"
    }
},
{
    "model": "admin.logentry",
    "pk": 50,
    "fields": {
        "action_time": "2025-07-26T13:04:40.749Z",
        "user": [
            "admin"
        ],
        "content_type": [
            "recipestepbystep",
            "timeofday"
        ],
        "object_id": "24",
        "object_repr": "Timeofday object (24)",
        "action_flag": 1,
        "change_message": "[{\"added\": {}}]"
    }
},
{
    "model": "admin.logentry",
    "pk": 51,
    "fields": {
        "action_time": "2025-07-26T13:30:00.442Z",
        "user": [
            "admin"
        ],
        "content_type": [
            "recipestepbystep",
            "recipestep"
        ],
        "object_id": "1",
        "object_repr": "RecipeStep object (1)",
        "action_flag": 1,
        "change_message": "[{\"added\": {}}]"
    }
},
{
    "model": "admin.logentry",
    "pk": 52,
    "fields": {
        "action_time": "2025-07-26T13:30:15.625Z",
        "user": [
            "admin"
        ],
        "content_type": [
            "recipestepbystep",
            "recipestep"
        ],
        "object_id": "1",
        "object_repr": "RecipeStep object (1)",
        "action_flag": 2,
        "change_message": "[{\"changed\": {\"fields\": [\"Recipe name\"]}}]"
    }
},
{
    "model": "admin.logentry",
    "pk": 53,
    "fields": {
        "action_time": "2025-07-26T16:03:44.160Z",
        "user": [
            "admin"
        ],
        "content_type": [
            "recipestepbystep",
            "recipe"
        ],
        "object_id": "2",
        "object_repr": "Recipe object (2)",
        "action_flag": 2,
        "change_message": "[{\"changed\": {\"fields\": [\"Ingredients\"]}}]"
    }
},
{
    "model": "admin.logentry",
    "pk": 54,
    "fields": {
        "action_time": "2025-07-26T17:10:24.481Z",
        "user": [
            "admin"
        ],
        "content_type": [
            "recipestepbystep",
            "recipe"
        ],
        "object_id": "2",
        "object_repr": "Recipe object (2)",
        "action_flag": 2,
        "change_message": "[{\"changed\": {\"fields\": [\"Ingredients\"]}}]"
    }
},
{
    "model": "admin.logentry",
    "pk": 55,
    "fields": {
        "action_time": "2025-07-26T17:10:56.018Z",
        "user": [
            "admin"
        ],
        "content_type": [
            "recipestepbystep",
            "ingredient"
        ],
        "object_id": "2",
        "object_repr": "SubstituteIngredient object (2)",
        "action_flag": 1,
        "change_message": "[{\"added\": {}}]"
    }
},
{
    "model": "admin.logentry",
    "pk": 56,
    "fields": {
        "action_time": "2025-07-26T17:11:06.388Z",
        "user": [
            "admin"
        ],
        "content_type": [
            "recipestepbystep",
            "ingredient"
        ],
        "object_id": "3",
        "object_repr": "SubstituteIngredient object (3)",
        "action_flag": 1,
        "change_message": "[{\"added\": {}}]"
    }
},
{
    "model": "admin.logentry",
    "pk": 57,
    "fields": {
        "action_time": "2025-07-26T17:11:41.331Z",
        "user": [
            "admin"
        ],
        "content_type": [
            "recipestepbystep",
            "ingredient"
        ],
        "object_id": "4",
        "object_repr": "SubstituteIngredient object (4)",
        "action_flag": 1,
        "change_message": "[{\"added\": {}}]"
    }
},
{
    "model": "admin.logentry",
    "pk": 58,
    "fields": {
        "action_time": "2025-07-26T20:01:33.324Z",
        "user": [
            "admin"
        ],
        "content_type": [
            "auth",
            "user"
        ],
        "object_id": "1",
        "object_repr": "admin",
        "action_flag": 2,
        "change_message": "[{\"changed\": {\"fields\": [\"Email address\"]}}]"
    }
},
{
    "model": "admin.logentry",
    "pk": 59,
    "fields": {
        "action_time": "2025-07-26T20:23:58.846Z",
        "user": [
            "admin"
        ],
        "content_type": [
            "recipestepbystep",
            "cookingmethod"
        ],
        "object_id": "1",
        "object_repr": "CookingMethod object (1)",
        "action_flag": 1,
        "change_message": "[{\"added\": {}}]"
    }
},
{
    "model": "admin.logentry",
    "pk": 60,
    "fields": {
        "action_time": "2025-07-26T20:24:07.533Z",
        "user": [
            "admin"
        ],
        "content_type": [
            "recipestepbystep",
            "cookingmethod"
        ],
        "object_id": "2",
        "object_repr": "CookingMethod object (2)",
        "action_flag": 1,
        "change_message": "[{\"added\": {}}]"
    }
},
{
    "model": "admin.logentry",
    "pk": 61,
    "fields": {
        "action_time": "2025-07-26T20:24:13.784Z",
        "user": [
            "admin"
        ],
        "content_type": [
            "recipestepbystep",
            "cookingmethod"
        ],
        "object_id": "3",
        "object_repr": "CookingMethod object (3)",
        "action_flag": 1,
        "change_message": "[{\"added\": {}}]"
    }
},
{
    "model": "admin.logentry",
    "pk": 62,
    "fields": {
        "action_time": "2025-07-26T20:24:23.046Z",
        "user": [
            "admin"
        ],
        "content_type": [
            "recipestepbystep",
            "cookingmethod"
        ],
        "object_id": "4",
        "object_repr": "CookingMethod object (4)",
        "action_flag": 1,
        "change_message": "[{\"added\": {}}]"
    }
},
{
    "model": "admin.logentry",
    "pk": 63,
    "fields": {
        "action_time": "2025-07-27T00:15:02.274Z",
        "user": [
            "admin"
        ],
        "content_type": [
            "recipestepbystep",
            "cookingmethod"
        ],
        "object_id": "1",
        "object_repr": "CookingMethod object (1)",
        "action_flag": 1,
        "change_message": "[{\"added\": {}}]"
    }
},
{
    "model": "admin.logentry",
    "pk": 64,
    "fields": {
        "action_time": "2025-07-27T00:15:27.759Z",
        "user": [
            "admin"
        ],
        "content_type": [
            "recipestepbystep",
            "cookingmethod"
        ],
        "object_id": "2",
        "object_repr": "CookingMethod object (2)",
        "action_flag": 1,
        "change_message": "[{\"added\": {}}]"
    }
},
{
    "model": "admin.logentry",
    "pk": 65,
    "fields": {
        "action_time": "2025-07-27T00:15:40.124Z",
        "user": [
            "admin"
        ],
        "content_type": [
            "recipestepbystep",
            "cookingmethod"
        ],
        "object_id": "3",
        "object_repr": "CookingMethod object (3)",
        "action_flag": 1,
        "change_message": "[{\"added\": {}}]"
    }
},
{
    "model": "admin.logentry",
    "pk": 66,
    "fields": {
        "action_time": "2025-07-27T00:15:50.881Z",
        "user": [
            "admin"
        ],
        "content_type": [
            "recipestepbystep",
            "cookingmethod"
        ],
        "object_id": "4",
        "object_repr": "CookingMethod object (4)",
        "action_flag": 1,
        "change_message": "[{\"added\": {}}]"
    }
},
{
    "model": "admin.logentry",
    "pk": 67,
    "fields": {
        "action_time": "2025-07-27T00:20:33.368Z",
        "user": [
            "admin"
        ],
        "content_type": [
            "recipestepbystep",
            "cookingappliance"
        ],
        "object_id": "1",
        "object_repr": "CookingAppliance object (1)",
        "action_flag": 1,
        "change_message": "[{\"added\": {}}]"
    }
},
{
    "model": "admin.logentry",
    "pk": 68,
    "fields": {
        "action_time": "2025-07-27T00:20:53.411Z",
        "user": [
            "admin"
        ],
        "content_type": [
            "recipestepbystep",
            "cookingappliance"
        ],
        "object_id": "2",
        "object_repr": "CookingAppliance object (2)",
        "action_flag": 1,
        "change_message": "[{\"added\": {}}]"
    }
},
{
    "model": "admin.logentry",
    "pk": 69,
    "fields": {
        "action_time": "2025-07-27T13:02:25.594Z",
        "user": [
            "admin"
        ],
        "content_type": [
            "recipestepbystep",
            "recipestep"
        ],
        "object_id": "1",
        "object_repr": "RecipeStep object (1)",
        "action_flag": 2,
        "change_message": "[{\"changed\": {\"fields\": [\"Step 2\", \"Step 3\"]}}]"
    }
},
{
    "model": "admin.logentry",
    "pk": 70,
    "fields": {
        "action_time": "2025-07-27T13:29:46.100Z",
        "user": [
            "admin"
        ],
        "content_type": [
            "recipestepbystep",
            "recipestep"
        ],
        "object_id": "1",
        "object_repr": "RecipeStep object (1)",
        "action_flag": 1,
        "change_message": "[{\"added\": {}}]"
    }
},
{
    "model": "admin.logentry",
    "pk": 71,
    "fields": {
        "action_time": "2025-07-27T14:27:04.850Z",
        "user": [
            "admin"
        ],
        "content_type": [
            "recipestepbystep",
            "ingredient"
        ],
        "object_id": "4",
        "object_repr": "Ingredient object (4)",
        "action_flag": 3,
        "change_message": ""
    }
},
{
    "model": "admin.logentry",
    "pk": 72,
    "fields": {
        "action_time": "2025-07-27T14:27:04.850Z",
        "user": [
            "admin"
        ],
        "content_type": [
            "recipestepbystep",
            "ingredient"
        ],
        "object_id": "3",
        "object_repr": "Ingredient object (3)",
        "action_flag": 3,
        "change_message": ""
    }
},
{
    "model": "admin.logentry",
    "pk": 73,
    "fields": {
        "action_time": "2025-07-27T14:27:04.850Z",
        "user": [
            "admin"
        ],
        "content_type": [
            "recipestepbystep",
            "ingredient"
        ],
        "object_id": "2",
        "object_repr": "Ingredient object (2)",
        "action_flag": 3,
        "change_message": ""
    }
},
{
    "model": "admin.logentry",
    "pk": 74,
    "fields": {
        "action_time": "2025-07-27T14:27:04.850Z",
        "user": [
            "admin"
        ],
        "content_type": [
            "recipestepbystep",
            "ingredient"
        ],
        "object_id": "1",
        "object_repr": "Ingredient object (1)",
        "action_flag": 3,
        "change_message": ""
    }
},
{
    "model": "admin.logentry",
    "pk": 75,
    "fields": {
        "action_time": "2025-07-27T14:36:38.071Z",
        "user": [
            "admin"
        ],
        "content_type": [
            "recipestepbystep",
            "recipe"
        ],
        "object_id": "2",
        "object_repr": "English Breakfast",
        "action_flag": 2,
        "change_message": "[{\"changed\": {\"fields\": [\"Ingredients\"]}}]"
    }
},
{
    "model": "admin.logentry",
    "pk": 76,
    "fields": {
        "action_time": "2025-07-27T14:49:40.499Z",
        "user": [
            "admin"
        ],
        "content_type": [
            "recipestepbystep",
            "ingredientsubstitute"
        ],
        "object_id": "1",
        "object_repr": "soybean",
        "action_flag": 1,
        "change_message": "[{\"added\": {}}]"
    }
},
{
    "model": "admin.logentry",
    "pk": 77,
    "fields": {
        "action_time": "2025-07-27T14:49:50.551Z",
        "user": [
            "admin"
        ],
        "content_type": [
            "recipestepbystep",
            "ingredientsubstitute"
        ],
        "object_id": "1",
        "object_repr": "soybean",
        "action_flag": 2,
        "change_message": "[{\"changed\": {\"fields\": [\"Nutritional value\", \"Emissions\"]}}]"
    }
},
{
    "model": "admin.logentry",
    "pk": 78,
    "fields": {
        "action_time": "2025-07-27T14:49:56.459Z",
        "user": [
            "admin"
        ],
        "content_type": [
            "recipestepbystep",
            "ingredientsubstitute"
        ],
        "object_id": "2",
        "object_repr": "chicken",
        "action_flag": 1,
        "change_message": "[{\"added\": {}}]"
    }
},
{
    "model": "admin.logentry",
    "pk": 79,
    "fields": {
        "action_time": "2025-07-27T14:51:02.943Z",
        "user": [
            "admin"
        ],
        "content_type": [
            "recipestepbystep",
            "ingredient"
        ],
        "object_id": "1",
        "object_repr": "beef",
        "action_flag": 1,
        "change_message": "[{\"added\": {}}]"
    }
},
{
    "model": "admin.logentry",
    "pk": 80,
    "fields": {
        "action_time": "2025-07-27T14:51:09.683Z",
        "user": [
            "admin"
        ],
        "content_type": [
            "recipestepbystep",
            "ingredient"
        ],
        "object_id": "1",
        "object_repr": "beef",
        "action_flag": 2,
        "change_message": "[]"
    }
},
{
    "model": "admin.logentry",
    "pk": 81,
    "fields": {
        "action_time": "2025-07-27T14:51:26.219Z",
        "user": [
            "admin"
        ],
        "content_type": [
            "recipestepbystep",
            "ingredient"
        ],
        "object_id": "2",
        "object_repr": "flat mushroom",
        "action_flag": 1,
        "change_message": "[{\"added\": {}}]"
    }
},
{
    "model": "admin.logentry",
    "pk": 82,
    "fields": {
        "action_time": "2025-07-27T14:51:47.457Z",
        "user": [
            "admin"
        ],
        "content_type": [
            "recipestepbystep",
            "ingredient"
        ],
        "object_id": "3",
        "object_repr": "bread slice thick",
        "action_flag": 1,
        "change_message": "[{\"added\": {}}]"
    }
},
{
    "model": "admin.logentry",
    "pk": 83,
    "fields": {
        "action_time": "2025-07-27T14:51:56.267Z",
        "user": [
            "admin"
        ],
        "content_type": [
            "recipestepbystep",
            "ingredient"
        ],
        "object_id": "4",
        "object_repr": "sausage",
        "action_flag": 1,
        "change_message": "[{\"added\": {}}]"
    }
},
{
    "model": "admin.logentry",
    "pk": 84,
    "fields": {
        "action_time": "2025-07-27T14:52:20.417Z",
        "user": [
            "admin"
        ],
        "content_type": [
            "recipestepbystep",
            "recipe"
        ],
        "object_id": "2",
        "object_repr": "English Breakfast",
        "action_flag": 2,
        "change_message": "[{\"changed\": {\"fields\": [\"Ingredients\"]}}]"
    }
},
{
    "model": "admin.logentry",
    "pk": 85,
    "fields": {
        "action_time": "2025-07-27T14:52:56.635Z",
        "user": [
            "admin"
        ],
        "content_type": [
            "recipestepbystep",
            "ingredient"
        ],
        "object_id": "4",
        "object_repr": "sausage",
        "action_flag": 2,
        "change_message": "[{\"changed\": {\"fields\": [\"Substitutes\"]}}]"
    }
},
{
    "model": "admin.logentry",
    "pk": 86,
    "fields": {
        "action_time": "2025-07-27T14:53:08.178Z",
        "user": [
            "admin"
        ],
        "content_type": [
            "recipestepbystep",
            "recipe"
        ],
        "object_id": "2",
        "object_repr": "English Breakfast",
        "action_flag": 2,
        "change_message": "[]"
    }
},
{
    "model": "admin.logentry",
    "pk": 87,
    "fields": {
        "action_time": "2025-07-27T15:16:23.004Z",
        "user": [
            "admin"
        ],
        "content_type": [
            "recipestepbystep",
            "ingredientsubstitute"
        ],
        "object_id": "1",
        "object_repr": "soybean",
        "action_flag": 2,
        "change_message": "[]"
    }
},
{
    "model": "admin.logentry",
    "pk": 88,
    "fields": {
        "action_time": "2025-07-27T15:24:58.960Z",
        "user": [
            "admin"
        ],
        "content_type": [
            "recipestepbystep",
            "ingredient"
        ],
        "object_id": "4",
        "object_repr": "sausage",
        "action_flag": 2,
        "change_message": "[{\"changed\": {\"fields\": [\"Nutritional value\", \"Emissions\"]}}]"
    }
},
{
    "model": "admin.logentry",
    "pk": 89,
    "fields": {
        "action_time": "2025-07-27T15:25:14.758Z",
        "user": [
            "admin"
        ],
        "content_type": [
            "recipestepbystep",
            "ingredient"
        ],
        "object_id": "3",
        "object_repr": "bread slice thick",
        "action_flag": 2,
        "change_message": "[{\"changed\": {\"fields\": [\"Nutritional value\", \"Emissions\"]}}]"
    }
},
{
    "model": "admin.logentry",
    "pk": 90,
    "fields": {
        "action_time": "2025-07-27T15:25:27.316Z",
        "user": [
            "admin"
        ],
        "content_type": [
            "recipestepbystep",
            "ingredient"
        ],
        "object_id": "2",
        "object_repr": "flat mushroom",
        "action_flag": 2,
        "change_message": "[{\"changed\": {\"fields\": [\"Nutritional value\", \"Emissions\"]}}]"
    }
},
{
    "model": "admin.logentry",
    "pk": 91,
    "fields": {
        "action_time": "2025-07-27T22:53:44.633Z",
        "user": [
            "admin"
        ],
        "content_type": [
            "recipestepbystep",
            "ingredient"
        ],
        "object_id": "4",
        "object_repr": "sausage",
        "action_flag": 2,
        "change_message": "[{\"changed\": {\"fields\": [\"Nutritional value\", \"Emissions\"]}}]"
    }
},
{
    "model": "admin.logentry",
    "pk": 92,
    "fields": {
        "action_time": "2025-07-27T22:53:56.871Z",
        "user": [
            "admin"
        ],
        "content_type": [
            "recipestepbystep",
            "ingredient"
        ],
        "object_id": "3",
        "object_repr": "bread slice thick",
        "action_flag": 2,
        "change_message": "[{\"changed\": {\"fields\": [\"Nutritional value\", \"Emissions\"]}}]"
    }
},
{
    "model": "admin.logentry",
    "pk": 93,
    "fields": {
        "action_time": "2025-07-27T22:54:07.145Z",
        "user": [
            "admin"
        ],
        "content_type": [
            "recipestepbystep",
            "ingredient"
        ],
        "object_id": "3",
        "object_repr": "bread slice thick",
        "action_flag": 2,
        "change_message": "[]"
    }
},
{
    "model": "admin.logentry",
    "pk": 94,
    "fields": {
        "action_time": "2025-07-27T22:54:13.709Z",
        "user": [
            "admin"
        ],
        "content_type": [
            "recipestepbystep",
            "ingredient"
        ],
        "object_id": "4",
        "object_repr": "sausage",
        "action_flag": 2,
        "change_message": "[{\"changed\": {\"fields\": [\"Emissions\"]}}]"
    }
},
{
    "model": "admin.logentry",
    "pk": 95,
    "fields": {
        "action_time": "2025-07-27T22:54:22.273Z",
        "user": [
            "admin"
        ],
        "content_type": [
            "recipestepbystep",
            "ingredient"
        ],
        "object_id": "3",
        "object_repr": "bread slice thick",
        "action_flag": 2,
        "change_message": "[{\"changed\": {\"fields\": [\"Nutritional value\"]}}]"
    }
},
{
    "model": "admin.logentry",
    "pk": 96,
    "fields": {
        "action_time": "2025-07-27T22:54:40.352Z",
        "user": [
            "admin"
        ],
        "content_type": [
            "recipestepbystep",
            "ingredient"
        ],
        "object_id": "2",
        "object_repr": "flat mushroom",
        "action_flag": 2,
        "change_message": "[{\"changed\": {\"fields\": [\"Nutritional value\", \"Emissions\"]}}]"
    }
},
{
    "model": "admin.logentry",
    "pk": 97,
    "fields": {
        "action_time": "2025-07-27T22:55:08.491Z",
        "user": [
            "admin"
        ],
        "content_type": [
            "recipestepbystep",
            "ingredient"
        ],
        "object_id": "1",
        "object_repr": "beef",
        "action_flag": 2,
        "change_message": "[{\"changed\": {\"fields\": [\"Nutritional value\", \"Emissions\"]}}]"
    }
},
{
    "model": "admin.logentry",
    "pk": 98,
    "fields": {
        "action_time": "2025-07-28T09:02:47.293Z",
        "user": [
            "admin"
        ],
        "content_type": [
            "recipestepbystep",
            "recipe"
        ],
        "object_id": "2",
        "object_repr": "English Breakfast",
        "action_flag": 2,
        "change_message": "[]"
    }
},
{
    "model": "admin.logentry",
    "pk": 99,
    "fields": {
        "action_time": "2025-07-28T13:05:23.168Z",
        "user": [
            "admin"
        ],
        "content_type": [
            "recipestepbystep",
            "ingredient"
        ],
        "object_id": "5",
        "object_repr": "fish",
        "action_flag": 1,
        "change_message": "[{\"added\": {}}]"
    }
},
{
    "model": "admin.logentry",
    "pk": 100,
    "fields": {
        "action_time": "2025-07-28T13:05:47.542Z",
        "user": [
            "admin"
        ],
        "content_type": [
            "recipestepbystep",
            "ingredient"
        ],
        "object_id": "6",
        "object_repr": "chips",
        "action_flag": 1,
        "change_message": "[{\"added\": {}}]"
    }
},
{
    "model": "admin.logentry",
    "pk": 101,
    "fields": {
        "action_time": "2025-07-28T13:06:14.381Z",
        "user": [
            "admin"
        ],
        "content_type": [
            "recipestepbystep",
            "recipe"
        ],
        "object_id": "1",
        "object_repr": "Fish And Chips",
        "action_flag": 2,
        "change_message": "[{\"changed\": {\"fields\": [\"Ingredients\", \"Cooking time minutes\"]}}]"
    }
},
{
    "model": "admin.logentry",
    "pk": 102,
    "fields": {
        "action_time": "2025-07-28T13:06:57.071Z",
        "user": [
            "admin"
        ],
        "content_type": [
            "recipestepbystep",
            "recipestep"
        ],
        "object_id": "2",
        "object_repr": "RecipeStep object (2)",
        "action_flag": 1,
        "change_message": "[{\"added\": {}}]"
    }
},
{
    "model": "admin.logentry",
    "pk": 103,
    "fields": {
        "action_time": "2025-08-20T21:32:24.565Z",
        "user": [
            "ecorecipes"
        ],
        "content_type": [
            "recipestepbystep",
            "timeofday"
        ],
        "object_id": "24",
        "object_repr": "Timeofday object (24)",
        "action_flag": 2,
        "change_message": "[{\"changed\": {\"fields\": [\"Emission multiplier\"]}}]"
    }
},
{
    "model": "admin.logentry",
    "pk": 104,
    "fields": {
        "action_time": "2025-08-20T21:32:36.440Z",
        "user": [
            "ecorecipes"
        ],
        "content_type": [
            "recipestepbystep",
            "timeofday"
        ],
        "object_id": "22",
        "object_repr": "Timeofday object (22)",
        "action_flag": 2,
        "change_message": "[{\"changed\": {\"fields\": [\"Emission multiplier\"]}}]"
    }
},
{
    "model": "admin.logentry",
    "pk": 105,
    "fields": {
        "action_time": "2025-08-20T21:41:27.064Z",
        "user": [
            "admin"
        ],
        "content_type": [
            "recipestepbystep",
            "timeofday"
        ],
        "object_id": "24",
        "object_repr": "Timeofday object (24)",
        "action_flag": 2,
        "change_message": "[]"
    }
},
{
    "model": "admin.logentry",
    "pk": 106,
    "fields": {
        "action_time": "2025-08-20T21:41:39.338Z",
        "user": [
            "admin"
        ],
        "content_type": [
            "recipestepbystep",
            "timeofday"
        ],
        "object_id": "22",
        "object_repr": "Timeofday object (22)",
        "action_flag": 2,
        "change_message": "[]"
    }
},
{
    "model": "admin.logentry",
    "pk": 107,
    "fields": {
        "action_time": "2025-08-20T22:49:46.155Z",
        "user": [
            "ecorecipes"
        ],
        "content_type": [
            "recipestepbystep",
            "timeofday"
        ],
        "object_id": "24",
        "object_repr": "Timeofday object (24)",
        "action_flag": 2,
        "change_message": "[{\"changed\": {\"fields\": [\"Emission multiplier\"]}}]"
    }
},
{
    "model": "admin.logentry",
    "pk": 108,
    "fields": {
        "action_time": "2025-08-20T22:49:51.655Z",
        "user": [
            "ecorecipes"
        ],
        "content_type": [
            "recipestepbystep",
            "timeofday"
        ],
        "object_id": "24",
        "object_repr": "Timeofday object (24)",
        "action_flag": 2,
        "change_message": "[{\"changed\": {\"fields\": [\"Emission multiplier\"]}}]"
    }
},
{
    "model": "admin.logentry",
    "pk": 109,
    "fields": {
        "action_time": "2025-08-20T22:49:59.665Z",
        "user": [
            "ecorecipes"
        ],
        "content_type": [
            "recipestepbystep",
            "timeofday"
        ],
        "object_id": "22",
        "object_repr": "Timeofday object (22)",
        "action_flag": 2,
        "change_message": "[{\"changed\": {\"fields\": [\"Emission multiplier\"]}}]"
    }
},
{
    "model": "admin.logentry",
    "pk": 110,
    "fields": {
        "action_time": "2025-08-20T22:50:21.040Z",
        "user": [
            "ecorecipes"
        ],
        "content_type": [
            "recipestepbystep",
            "timeofday"
        ],
        "object_id": "24",
        "object_repr": "Timeofday object (24)",
        "action_flag": 2,
        "change_message": "[{\"changed\": {\"fields\": [\"Emission multiplier\"]}}]"
    }
},
{
    "model": "admin.logentry",
    "pk": 111,
    "fields": {
        "action_time": "2025-08-20T22:50:37.771Z",
        "user": [
            "ecorecipes"
        ],
        "content_type": [
            "recipestepbystep",
            "timeofday"
        ],
        "object_id": "23",
        "object_repr": "Timeofday object (23)",
        "action_flag": 2,
        "change_message": "[{\"changed\": {\"fields\": [\"Emission multiplier\"]}}]"
    }
},
{
    "model": "admin.logentry",
    "pk": 112,
    "fields": {
        "action_time": "2025-08-20T23:08:48.281Z",
        "user": [
            "ecorecipes"
        ],
        "content_type": [
            "recipestepbystep",
            "location"
        ],
        "object_id": "5",
        "object_repr": "Location object (5)",
        "action_flag": 2,
        "change_message": "[{\"changed\": {\"fields\": [\"Location emission factor\"]}}]"
    }
},
{
    "model": "admin.logentry",
    "pk": 113,
    "fields": {
        "action_time": "2025-08-20T23:08:54.130Z",
        "user": [
            "ecorecipes"
        ],
        "content_type": [
            "recipestepbystep",
            "location"
        ],
        "object_id": "4",
        "object_repr": "Location object (4)",
        "action_flag": 2,
        "change_message": "[{\"changed\": {\"fields\": [\"Location emission factor\"]}}]"
    }
},
{
    "model": "admin.logentry",
    "pk": 114,
    "fields": {
        "action_time": "2025-08-22T19:26:21.558Z",
        "user": [
            "ecorecipes"
        ],
        "content_type": [
            "recipestepbystep",
            "recipe"
        ],
        "object_id": "1",
        "object_repr": "Fish And Chips",
        "action_flag": 2,
        "change_message": "[{\"changed\": {\"fields\": [\"Cooking method\"]}}]"
    }
},
{
    "model": "admin.logentry",
    "pk": 115,
    "fields": {
        "action_time": "2025-08-22T19:26:43.314Z",
        "user": [
            "ecorecipes"
        ],
        "content_type": [
            "recipestepbystep",
            "recipe"
        ],
        "object_id": "1",
        "object_repr": "Fish And Chips",
        "action_flag": 2,
        "change_message": "[{\"changed\": {\"fields\": [\"Foodtags\"]}}]"
    }
},
{
    "model": "admin.logentry",
    "pk": 116,
    "fields": {
        "action_time": "2025-08-22T19:29:05.835Z",
        "user": [
            "ecorecipes"
        ],
        "content_type": [
            "recipestepbystep",
            "recipe"
        ],
        "object_id": "2",
        "object_repr": "English Breakfast",
        "action_flag": 2,
        "change_message": "[{\"changed\": {\"fields\": [\"Cooking time minutes\"]}}]"
    }
},
{
    "model": "admin.logentry",
    "pk": 117,
    "fields": {
        "action_time": "2025-08-22T20:45:26.446Z",
        "user": [
            "ecorecipes"
        ],
        "content_type": [
            "recipestepbystep",
            "ingredient"
        ],
        "object_id": "7",
        "object_repr": "vegetable oil",
        "action_flag": 1,
        "change_message": "[{\"added\": {}}]"
    }
},
{
    "model": "admin.logentry",
    "pk": 118,
    "fields": {
        "action_time": "2025-08-22T20:45:41.461Z",
        "user": [
            "ecorecipes"
        ],
        "content_type": [
            "recipestepbystep",
            "ingredient"
        ],
        "object_id": "8",
        "object_repr": "flour",
        "action_flag": 1,
        "change_message": "[{\"added\": {}}]"
    }
},
{
    "model": "admin.logentry",
    "pk": 119,
    "fields": {
        "action_time": "2025-08-22T20:46:39.481Z",
        "user": [
            "ecorecipes"
        ],
        "content_type": [
            "recipestepbystep",
            "ingredient"
        ],
        "object_id": "9",
        "object_repr": "baking powder",
        "action_flag": 1,
        "change_message": "[{\"added\": {}}]"
    }
},
{
    "model": "admin.logentry",
    "pk": 120,
    "fields": {
        "action_time": "2025-08-22T20:47:29.976Z",
        "user": [
            "ecorecipes"
        ],
        "content_type": [
            "recipestepbystep",
            "ingredient"
        ],
        "object_id": "10",
        "object_repr": "potato",
        "action_flag": 1,
        "change_message": "[{\"added\": {}}]"
    }
},
{
    "model": "admin.logentry",
    "pk": 121,
    "fields": {
        "action_time": "2025-08-22T20:47:41.781Z",
        "user": [
            "ecorecipes"
        ],
        "content_type": [
            "recipestepbystep",
            "ingredient"
        ],
        "object_id": "11",
        "object_repr": "milk",
        "action_flag": 1,
        "change_message": "[{\"added\": {}}]"
    }
},
{
    "model": "admin.logentry",
    "pk": 122,
    "fields": {
        "action_time": "2025-08-22T20:48:17.305Z",
        "user": [
            "ecorecipes"
        ],
        "content_type": [
            "recipestepbystep",
            "recipe"
        ],
        "object_id": "1",
        "object_repr": "Fish And Chips",
        "action_flag": 2,
        "change_message": "[{\"changed\": {\"fields\": [\"Ingredients\"]}}]"
    }
},
{
    "model": "admin.logentry",
    "pk": 123,
    "fields": {
        "action_time": "2025-08-22T22:10:10.394Z",
        "user": [
            "ecorecipes"
        ],
        "content_type": [
            "recipestepbystep",
            "recipe"
        ],
        "object_id": "2",
        "object_repr": "English Breakfast",
        "action_flag": 2,
        "change_message": "[]"
    }
},
{
    "model": "admin.logentry",
    "pk": 124,
    "fields": {
        "action_time": "2025-08-22T22:11:08.206Z",
        "user": [
            "ecorecipes"
        ],
        "content_type": [
            "recipestepbystep",
            "recipe"
        ],
        "object_id": "1",
        "object_repr": "Fish And Chips",
        "action_flag": 2,
        "change_message": "[]"
    }
},
{
    "model": "admin.logentry",
    "pk": 125,
    "fields": {
        "action_time": "2025-08-22T23:12:56.192Z",
        "user": [
            "ecorecipes"
        ],
        "content_type": [
            "recipestepbystep",
            "ingredient"
        ],
        "object_id": "3",
        "object_repr": "white bread slice",
        "action_flag": 2,
        "change_message": "[{\"changed\": {\"fields\": [\"Ingredient\"]}}]"
    }
},
{
    "model": "admin.logentry",
    "pk": 126,
    "fields": {
        "action_time": "2025-08-22T23:13:19.582Z",
        "user": [
            "ecorecipes"
        ],
        "content_type": [
            "recipestepbystep",
            "ingredientsubstitute"
        ],
        "object_id": "3",
        "object_repr": "brown bread",
        "action_flag": 1,
        "change_message": "[{\"added\": {}}]"
    }
},
{
    "model": "admin.logentry",
    "pk": 127,
    "fields": {
        "action_time": "2025-08-22T23:13:32.896Z",
        "user": [
            "ecorecipes"
        ],
        "content_type": [
            "recipestepbystep",
            "ingredient"
        ],
        "object_id": "3",
        "object_repr": "white bread slice",
        "action_flag": 2,
        "change_message": "[{\"changed\": {\"fields\": [\"Substitutes\"]}}]"
    }
},
{
    "model": "admin.logentry",
    "pk": 128,
    "fields": {
        "action_time": "2025-08-22T23:24:29.158Z",
        "user": [
            "ecorecipes"
        ],
        "content_type": [
            "recipestepbystep",
            "ingredientsubstitute"
        ],
        "object_id": "4",
        "object_repr": "sunflower oil",
        "action_flag": 1,
        "change_message": "[{\"added\": {}}]"
    }
},
{
    "model": "admin.logentry",
    "pk": 129,
    "fields": {
        "action_time": "2025-08-22T23:24:41.397Z",
        "user": [
            "ecorecipes"
        ],
        "content_type": [
            "recipestepbystep",
            "ingredient"
        ],
        "object_id": "7",
        "object_repr": "vegetable oil",
        "action_flag": 2,
        "change_message": "[{\"changed\": {\"fields\": [\"Substitutes\"]}}]"
    }
},
{
    "model": "admin.logentry",
    "pk": 130,
    "fields": {
        "action_time": "2025-08-22T23:26:12.123Z",
        "user": [
            "ecorecipes"
        ],
        "content_type": [
            "recipestepbystep",
            "ingredientsubstitute"
        ],
        "object_id": "2",
        "object_repr": "chicken",
        "action_flag": 2,
        "change_message": "[{\"changed\": {\"fields\": [\"Nutritional value key\", \"Nutritional value\", \"Emissions key\", \"Emissions\"]}}]"
    }
},
{
    "model": "admin.logentry",
    "pk": 131,
    "fields": {
        "action_time": "2025-08-24T17:13:55.614Z",
        "user": [
            "ecorecipes"
        ],
        "content_type": [
            "recipestepbystep",
            "ingredientsubstitute"
        ],
        "object_id": "4",
        "object_repr": "sunflower oil",
        "action_flag": 2,
        "change_message": "[{\"changed\": {\"fields\": [\"Emissions\"]}}]"
    }
},
{
    "model": "admin.logentry",
    "pk": 132,
    "fields": {
        "action_time": "2025-08-24T17:14:18.939Z",
        "user": [
            "ecorecipes"
        ],
        "content_type": [
            "recipestepbystep",
            "ingredient"
        ],
        "object_id": "7",
        "object_repr": "vegetable oil",
        "action_flag": 2,
        "change_message": "[{\"changed\": {\"fields\": [\"Emissions\"]}}]"
    }
},
{
    "model": "admin.logentry",
    "pk": 133,
    "fields": {
        "action_time": "2025-08-24T17:16:39.479Z",
        "user": [
            "ecorecipes"
        ],
        "content_type": [
            "recipestepbystep",
            "ingredient"
        ],
        "object_id": "7",
        "object_repr": "vegetable oil",
        "action_flag": 2,
        "change_message": "[{\"changed\": {\"fields\": [\"Emissions\"]}}]"
    }
},
{
    "model": "admin.logentry",
    "pk": 134,
    "fields": {
        "action_time": "2025-08-24T17:16:48.622Z",
        "user": [
            "ecorecipes"
        ],
        "content_type": [
            "recipestepbystep",
            "ingredientsubstitute"
        ],
        "object_id": "4",
        "object_repr": "sunflower oil",
        "action_flag": 2,
        "change_message": "[{\"changed\": {\"fields\": [\"Emissions\"]}}]"
    }
},
{
    "model": "admin.logentry",
    "pk": 135,
    "fields": {
        "action_time": "2025-08-25T00:16:20.827Z",
        "user": [
            "ecorecipes"
        ],
        "content_type": [
            "recipestepbystep",
            "ingredientsubstitute"
        ],
        "object_id": "2",
        "object_repr": "chicken",
        "action_flag": 2,
        "change_message": "[{\"changed\": {\"fields\": [\"Emissions\"]}}]"
    }
},
{
    "model": "admin.logentry",
    "pk": 136,
    "fields": {
        "action_time": "2025-08-25T00:22:44.025Z",
        "user": [
            "ecorecipes"
        ],
        "content_type": [
            "recipestepbystep",
            "ingredientsubstitute"
        ],
        "object_id": "3",
        "object_repr": "brown bread",
        "action_flag": 2,
        "change_message": "[{\"changed\": {\"fields\": [\"Emissions\"]}}]"
    }
},
{
    "model": "admin.logentry",
    "pk": 137,
    "fields": {
        "action_time": "2025-08-25T00:47:28.301Z",
        "user": [
            "ecorecipes"
        ],
        "content_type": [
            "recipestepbystep",
            "ingredient"
        ],
        "object_id": "4",
        "object_repr": "sausage",
        "action_flag": 2,
        "change_message": "[{\"changed\": {\"fields\": [\"Emissions\"]}}]"
    }
},
{
    "model": "admin.logentry",
    "pk": 138,
    "fields": {
        "action_time": "2025-08-25T00:47:48.475Z",
        "user": [
            "ecorecipes"
        ],
        "content_type": [
            "recipestepbystep",
            "ingredientsubstitute"
        ],
        "object_id": "1",
        "object_repr": "soybean",
        "action_flag": 2,
        "change_message": "[{\"changed\": {\"fields\": [\"Nutritional value\", \"Emissions\"]}}]"
    }
},
{
    "model": "admin.logentry",
    "pk": 139,
    "fields": {
        "action_time": "2025-08-26T22:22:18.594Z",
        "user": [
            "ecorecipes"
        ],
        "content_type": [
            "recipestepbystep",
            "recipestep2"
        ],
        "object_id": "1",
        "object_repr": "Step 1 for Fish And Chips",
        "action_flag": 1,
        "change_message": "[{\"added\": {}}]"
    }
},
{
    "model": "admin.logentry",
    "pk": 140,
    "fields": {
        "action_time": "2025-08-26T22:22:42.306Z",
        "user": [
            "ecorecipes"
        ],
        "content_type": [
            "recipestepbystep",
            "recipestep2"
        ],
        "object_id": "2",
        "object_repr": "Step 2 for Fish And Chips",
        "action_flag": 1,
        "change_message": "[{\"added\": {}}]"
    }
},
{
    "model": "admin.logentry",
    "pk": 141,
    "fields": {
        "action_time": "2025-08-26T22:23:02.973Z",
        "user": [
            "ecorecipes"
        ],
        "content_type": [
            "recipestepbystep",
            "recipestep2"
        ],
        "object_id": "3",
        "object_repr": "Step 1 for English Breakfast",
        "action_flag": 1,
        "change_message": "[{\"added\": {}}]"
    }
},
{
    "model": "admin.logentry",
    "pk": 142,
    "fields": {
        "action_time": "2025-08-26T22:37:40.611Z",
        "user": [
            "ecorecipes"
        ],
        "content_type": [
            "recipestepbystep",
            "recipestep"
        ],
        "object_id": "2",
        "object_repr": "Step 1 for Fish And Chips",
        "action_flag": 2,
        "change_message": "[{\"changed\": {\"fields\": [\"Order\", \"Content\"]}}]"
    }
},
{
    "model": "admin.logentry",
    "pk": 143,
    "fields": {
        "action_time": "2025-08-26T22:37:51.786Z",
        "user": [
            "ecorecipes"
        ],
        "content_type": [
            "recipestepbystep",
            "recipestep"
        ],
        "object_id": "1",
        "object_repr": "Step 1 for Fish And Chips",
        "action_flag": 2,
        "change_message": "[{\"changed\": {\"fields\": [\"Recipe\", \"Order\", \"Content\"]}}]"
    }
},
{
    "model": "admin.logentry",
    "pk": 144,
    "fields": {
        "action_time": "2025-08-26T22:38:15.027Z",
        "user": [
            "ecorecipes"
        ],
        "content_type": [
            "recipestepbystep",
            "recipestep"
        ],
        "object_id": "3",
        "object_repr": "Step 1 for English Breakfast",
        "action_flag": 1,
        "change_message": "[{\"added\": {}}]"
    }
},
{
    "model": "admin.logentry",
    "pk": 145,
    "fields": {
        "action_time": "2025-08-26T22:42:46.316Z",
        "user": [
            "ecorecipes"
        ],
        "content_type": [
            "recipestepbystep",
            "recipestep"
        ],
        "object_id": "3",
        "object_repr": "Step 1 for English Breakfast",
        "action_flag": 2,
        "change_message": "[]"
    }
},
{
    "model": "admin.logentry",
    "pk": 146,
    "fields": {
        "action_time": "2025-08-26T22:51:18.445Z",
        "user": [
            "ecorecipes"
        ],
        "content_type": [
            "recipestepbystep",
            "nutrient"
        ],
        "object_id": "1",
        "object_repr": "Nutrient object (1)",
        "action_flag": 1,
        "change_message": "[{\"added\": {}}]"
    }
},
{
    "model": "admin.logentry",
    "pk": 147,
    "fields": {
        "action_time": "2025-08-26T22:51:33.329Z",
        "user": [
            "ecorecipes"
        ],
        "content_type": [
            "recipestepbystep",
            "nutrient"
        ],
        "object_id": "2",
        "object_repr": "Nutrient object (2)",
        "action_flag": 1,
        "change_message": "[{\"added\": {}}]"
    }
},
{
    "model": "admin.logentry",
    "pk": 148,
    "fields": {
        "action_time": "2025-08-26T22:51:42.806Z",
        "user": [
            "ecorecipes"
        ],
        "content_type": [
            "recipestepbystep",
            "nutrient"
        ],
        "object_id": "3",
        "object_repr": "Nutrient object (3)",
        "action_flag": 1,
        "change_message": "[{\"added\": {}}]"
    }
},
{
    "model": "admin.logentry",
    "pk": 149,
    "fields": {
        "action_time": "2025-08-26T22:52:22.846Z",
        "user": [
            "ecorecipes"
        ],
        "content_type": [
            "recipestepbystep",
            "recipestep"
        ],
        "object_id": "1",
        "object_repr": "Step 1 for Fish And Chips",
        "action_flag": 2,
        "change_message": "[{\"changed\": {\"fields\": [\"Ventilation\"]}}]"
    }
},
{
    "model": "admin.logentry",
    "pk": 150,
    "fields": {
        "action_time": "2025-08-26T22:58:08.293Z",
        "user": [
            "ecorecipes"
        ],
        "content_type": [
            "recipestepbystep",
            "recipestep"
        ],
        "object_id": "1",
        "object_repr": "Step 1 for Fish And Chips",
        "action_flag": 2,
        "change_message": "[{\"changed\": {\"fields\": [\"Cooking method\"]}}]"
    }
},
{
    "model": "admin.logentry",
    "pk": 151,
    "fields": {
        "action_time": "2025-08-26T23:11:14.251Z",
        "user": [
            "ecorecipes"
        ],
        "content_type": [
            "recipestepbystep",
            "recipestep"
        ],
        "object_id": "1",
        "object_repr": "Step 2 for Fish And Chips",
        "action_flag": 2,
        "change_message": "[{\"changed\": {\"fields\": [\"Order\"]}}]"
    }
}
]
